contenido_id,sesion_id,indicador_id,contenido,recursos
C01,PM-MAT-S1,IND-MAT-1,Fracciones: operaciones con fracciones,
C02,PM-MAT-S1,IND-MAT-1,Razones,
C03,PM-MAT-S2,IND-MAT-1,Sistemas de unidades (SI e imperiales),
C04,PM-MAT-S2,IND-MAT-1,Factor de conversión,
C05,PM-MAT-S3,IND-MAT-1,Regla de tres simple,
C06,PM-MAT-S3,IND-MAT-1,Regla de tres compuesta,
C07,PM-MAT-S4,IND-MAT-1,Teoría del tanto por ciento,
C08,PM-MAT-S4,IND-MAT-1,Problemas de porcentajes,
C09,PM-MAT-S5,IND-MAT-1,"Humedad, peso húmedo y peso seco",
C10,PM-MAT-S5,IND-MAT-1,Composición mineralógica por porcentajes,
C11,PM-MAT-S7,IND-MAT-3,Cálculo de áreas,
C12,PM-MAT-S7,IND-MAT-3,Cálculo de volúmenes (aplicación en metalurgia),
C13,PM-MAT-S8,IND-MAT-3,Densidad,
C14,PM-MAT-S8,IND-MAT-3,Gravedad específica (aplicación en procesos),
C15,PM-MAT-S9,IND-MAT-2,Ecuaciones de primer grado: resolución,
C16,PM-MAT-S10,IND-MAT-2,Concentración de minerales,
C17,PM-MAT-S11,IND-MAT-2,Balance metalúrgico: cuadros de balance,
