caso_id,curso_id,n,criterio,indicador_id,puntos_max,nivel_4,nivel_3,nivel_2,nivel_1
CASO-MAT-1,PM-MAT,1,Comprensión y análisis del problema,IND-MAT-1,4,Responde las 5 preguntas en relación a los temas (porcentajes y leyes de mineral) y explica de manera precisa la situación problemática del caso relacionada con la composición mineralógica y su impacto en el proceso de concentración.,Responde 4 preguntas en relación a los temas y explica de manera precisa la situación problemática del caso.,Responde al menos 3 preguntas en relación a los temas y explica con ideas sueltas la situación problemática del caso.,Responde al menos 1 pregunta en relación a los temas y explica con ideas sueltas la situación problemática del caso.
CASO-MAT-1,PM-MAT,2,Cálculos y resultados,IND-MAT-1,4,"Realiza los cálculos precisos y correctos para cada etapa del procedimiento para determinar el contenido de Pb, Cu, Zn y la carga de ganga por tonelada de concentrado, explicando claramente la metodología utilizada.","Realiza los cálculos precisos y correctos para cada etapa, explicando la metodología de manera general.","Realiza los cálculos para cada etapa presentando algunos errores en su estimación, explicando la metodología de manera general.","Realiza los cálculos para cada etapa con errores en su estimación, explicando la metodología de manera general."
CASO-MAT-1,PM-MAT,3,Conclusiones,IND-MAT-1,4,"Presentan conclusiones sólidas sobre el procedimiento realizado, conectadas con los resultados obtenidos.","Presentan conclusiones generales sobre el procedimiento realizado, conectadas con los resultados obtenidos.",Presentan conclusiones generales que responden de alguna manera a los resultados obtenidos.,"Presentan al menos una conclusión general, pero no guarda relación con los resultados obtenidos."
CASO-MAT-1,PM-MAT,4,Presentación PPT: contenido y diseño,IND-MAT-1,4,"El PPT muestra el procedimiento completo —datos del caso, cálculos por etapa y resultados— con las tablas y gráficos que los respaldan.","El PPT muestra el procedimiento y los resultados, pero omite alguna etapa del cálculo o le falta la tabla que lo respalda.",El PPT muestra los resultados sin el procedimiento que los sustenta.,El PPT presenta información incompleta o que no corresponde al caso resuelto.
CASO-MAT-1,PM-MAT,5,Presentación oral: dominio y claridad,IND-MAT-1,4,El grupo responde con precisión las preguntas técnicas sobre el procedimiento y los resultados; cualquier integrante puede explicar cualquier parte.,El grupo responde las preguntas técnicas; algunos integrantes solo explican la parte que les tocó.,El grupo responde algunas preguntas técnicas; varios integrantes no explican lo que presentaron.,Uno o dos integrantes responden por todo el grupo.
CASO-MAT-2,PM-MAT,1,Determinación de volumen,IND-MAT-2,4,"Determinan correctamente el volumen de carga óptimo para el molino SAG considerando la información del caso (capacidad, características del mineral y objetivos de producción) y explican de manera precisa el resultado y el procedimiento.",Determinan correctamente el volumen de carga óptimo considerando la información del caso y explican de manera general el resultado y el procedimiento.,"Determinan correctamente el volumen considerando solo algunos elementos del caso y explican el resultado, pero no el procedimiento.","Determinan el volumen de manera incorrecta, sin considerar los elementos del caso."
CASO-MAT-2,PM-MAT,2,Cálculo del balance metalúrgico,IND-MAT-2,4,"Determina correctamente el balance metalúrgico de Cu, Pb, Zn y Ag a partir de cálculos algebraicos, presentando el resultado con precisión en un cuadro de balance de masas y en un diagrama de flujo.","Determina correctamente el balance metalúrgico, presentando el resultado de manera general en el cuadro de masas y el diagrama de flujo.","Determina el balance metalúrgico con imprecisiones, presentando el resultado en el cuadro de masas y el diagrama de flujo.",Determina el balance metalúrgico con imprecisiones y presenta el resultado solo en el cuadro de masas o solo en el diagrama de flujo.
CASO-MAT-2,PM-MAT,3,Análisis de resultados,IND-MAT-2,4,"Demuestran la conservación de masas (masas totales y contenido metálico) en el balance metalúrgico, explicando con precisión y coherencia los resultados obtenidos en la distribución de productos.","Demuestran la conservación de masas, explicando de manera general los resultados obtenidos en la distribución de productos.","Demuestran parcialmente la conservación de masas, explicando de manera general los resultados obtenidos.",Presentan un balance metalúrgico incompleto o con errores significativos en los cálculos de masa.
CASO-MAT-2,PM-MAT,4,Presentación PPT: contenido y diseño,IND-MAT-2,4,"El PPT muestra la determinación del volumen, el balance metalúrgico y el análisis de resultados, con el cuadro de masas y el diagrama de flujo que los respaldan.","El PPT muestra las tres partes, pero le falta el cuadro de masas o el diagrama de flujo.",El PPT muestra los resultados sin el procedimiento que los sustenta.,El PPT presenta información incompleta o que no corresponde al caso resuelto.
CASO-MAT-2,PM-MAT,5,Presentación oral: dominio y claridad,IND-MAT-2,4,El grupo responde con precisión las preguntas técnicas sobre el balance y la distribución de productos; cualquier integrante puede explicar cualquier parte.,El grupo responde las preguntas técnicas; algunos integrantes solo explican la parte que les tocó.,El grupo responde algunas preguntas técnicas; varios integrantes no explican lo que presentaron.,Uno o dos integrantes responden por todo el grupo.
