actividad_id,sesion_id,orden,momento,minutos,rutina,tecnica,actividad,materiales
ACT-SI-SGCSSMA-S2-01,SI-SGCSSMA-S2,1,conexion,3,,Organizador de entrada,Escala de ánimo de nueve pinturas célebres: cada estudiante responde con los dedos de la mano.,IMG-ESCALA-ANIMO
ACT-SI-SGCSSMA-S2-02,SI-SGCSSMA-S2,2,conexion,5,,Organizador previo,"Se presenta la ruta de aprendizaje con su minutaje, y el aprendizaje previsto con sus puntos clave.",Esquema de la ruta · lámina de triangulación
ACT-SI-SGCSSMA-S2-03,SI-SGCSSMA-S2,3,conexion,4,,Puente con la sesión anterior,"Se recuperan los documentos ÁMBAR de la sesión 1: los que servían a más de una letra del SSOMAC. Pregunta puente: si un mismo registro sirve a dos sistemas, ¿quién más espera algo de esa empresa?",Cuadros de la sesión 1
ACT-SI-SGCSSMA-S2-04,SI-SGCSSMA-S2,4,conexion,8,Veo–Pienso–Me pregunto,Estudio de casos · apertura,"Se proyecta la carta de reclamo de la minera, con hechos y fechas y sin ningún juicio escrito. Cada estudiante escribe qué VE, qué PIENSA que falló y qué SE PREGUNTA. Se recogen las preguntas para el cierre.",Carta de reclamo · chat
ACT-SI-SGCSSMA-S2-05,SI-SGCSSMA-S2,5,adquisicion,45,¿Qué te hace decir eso?,Caso hilo conductor,"Desarrollo de los cuatro puntos clave. El mismo reclamo del molino 3 recorre las cuatro etapas del PHVA y reaparece al hablar de partes interesadas: un solo caso sostiene toda la adquisición. Cada vez que un estudiante afirma algo, el instructor pregunta qué se lo hace decir.",PPT 004A · esquemas de la sesión
ACT-SI-SGCSSMA-S2-06,SI-SGCSSMA-S2,6,aplicacion,8,,Estudio de casos · fases 1 y 2,Planteamiento y comprensión guiada. El instructor conduce con preguntas antes del trabajo: ¿quién pierde cuando la planta para dos días? ¿en qué etapa debió detectarse la falla? ¿qué habría cambiado una prueba de carga registrada?,Carta de reclamo · ficha del caso
ACT-SI-SGCSSMA-S2-07,SI-SGCSSMA-S2,7,aplicacion,32,Ponerse dentro,Estudio de casos · fase 3,"Equipos de 3. Cada equipo toma una parte interesada —trabajadores, cliente minero, autoridad, proveedores— y escribe desde su voz qué esperaba y qué perdió con el reclamo. Después ubican los hechos de la carta en las etapas del PHVA y señalan cuál no se cerró.",Ficha del caso · plantilla de partes interesadas
ACT-SI-SGCSSMA-S2-08,SI-SGCSSMA-S2,8,discusion,20,Afirmación–Apoyo–Pregunta,Estudio de casos · fase 4,Cada equipo sustenta en 2 minutos desde la voz que le tocó: AFIRMACIÓN (qué esperaba esta parte) – APOYO (en qué dato de la carta nos basamos) – PREGUNTA (qué nos quedó sin resolver). El instructor contrasta las cuatro voces y cierra en la etapa que no se cerró.,Cuadros de los equipos
ACT-SI-SGCSSMA-S2-09,SI-SGCSSMA-S2,9,reflexion,5,Titular,Metacognición,Cada estudiante escribe un titular de una línea sobre la sesión. Se leen tres.,Chat del EVA
ACT-SI-SGCSSMA-S2-10,SI-SGCSSMA-S2,10,reflexion,5,,Cierre y puente,"Las tres preguntas de cierre, se retoman las preguntas abiertas de la carta y se anuncia la sesión 3: liderazgo y política de calidad.",Preguntas recogidas en la conexión
ACT-SI-SGCSSMA-S1-01,SI-SGCSSMA-S1,1,conexion,3,,Organizador de entrada,Bienvenida. Escala de ánimo de nueve pinturas célebres: cada estudiante responde con los dedos de la mano y el instructor lee el ánimo del grupo en voz alta. Recurso común a las tres carreras.,IMG-ESCALA-ANIMO · cámara encendida
ACT-SI-SGCSSMA-S1-02,SI-SGCSSMA-S1,2,conexion,6,,Organizador previo,"Presentación del curso —dos bloques, dos colaborativos—, del sistema de evaluación y de la RUTA DE APRENDIZAJE de la sesión: qué se hace en cada momento y cuántos minutos dura.","Sílabo · esquemas del curso, de la evaluación y de la ruta"
ACT-SI-SGCSSMA-S1-03,SI-SGCSSMA-S1,3,conexion,3,,Organizador previo,"Se presenta el aprendizaje previsto, los puntos clave y cómo se comprueba.",Lámina de triangulación
ACT-SI-SGCSSMA-S1-04,SI-SGCSSMA-S1,4,conexion,8,Veo–Pienso–Me pregunto,Estudio de casos (apertura),"Se proyecta el mural de la entrada de una contratista, con documentos reales y sin ningún juicio escrito. Cada estudiante escribe tres líneas: qué VE, qué PIENSA que esta empresa está controlando y qué SE PREGUNTA. Se leen tres aportes y se recogen las preguntas para retomarlas en el cierre.",Mural sin rótulos · chat
ACT-SI-SGCSSMA-S1-05,SI-SGCSSMA-S1,5,adquisicion,45,¿Qué te hace decir eso?,Enseñanza por contraste,"Desarrollo de los cuatro puntos clave, cada uno construido sobre una oposición: sin sistema / con sistema, obligatoria / voluntaria, separado / integrado. Cada vez que un estudiante afirma algo, el instructor pregunta qué se lo hace decir, para que cite el dato y no la intuición.",PPT 004A · esquemas de la sesión
ACT-SI-SGCSSMA-S1-06,SI-SGCSSMA-S1,6,aplicacion,12,,Estudio de casos · fases 1 y 2,"Planteamiento y comprensión guiada. Se presenta el procedimiento —clasificar, señalar huecos, describir qué queda sin cubrir— y los dos casos: la mitad de los equipos toma Huanza y la otra mitad Transportes del Sur. El instructor conduce con preguntas: ¿a quién protege cada documento? ¿alguno protege a más de uno? ¿qué pasa si uno no tiene dueño en la empresa?",Fichas de los ocho documentos de cada caso
ACT-SI-SGCSSMA-S1-07,SI-SGCSSMA-S1,7,aplicacion,28,Semáforo,Estudio de casos · fase 3 · trabajo en equipo,"Equipos de 3, cada uno con su caso. Mismo procedimiento en las dos: clasifican los ocho documentos con el semáforo, señalan los que faltan o están vencidos, y describen qué parte del sistema queda sin cubrir y a quién deja desprotegido.",Plantilla de clasificación · acompañamiento del instructor
ACT-SI-SGCSSMA-S1-08,SI-SGCSSMA-S1,8,discusion,20,Afirmación–Apoyo–Pregunta,Estudio de casos · fase 4 · valoración,"Cada equipo sustenta en 2 minutos con el formato AFIRMACIÓN – APOYO – PREGUNTA, alternando una caso y otra, y empezando por los ámbar. El instructor cruza las dos: empresas distintas y huecos distintos, pero los mismos documentos ámbar y el mismo tipo de consecuencia. Cierra nombrando los elementos comunes.",Cuadros de los equipos
ACT-SI-SGCSSMA-S1-09,SI-SGCSSMA-S1,9,reflexion,5,Titular,Metacognición,"Cada estudiante escribe un titular de una línea: «si esta sesión fuera una noticia, ¿cuál sería el titular?». Se leen tres.",Chat del EVA
ACT-SI-SGCSSMA-S1-10,SI-SGCSSMA-S1,10,reflexion,5,,Cierre y puente,"Cierre con las tres preguntas de la casa —¿logramos el aprendizaje esperado? ¿qué funcionó? ¿cómo se han sentido?—, se retoman las preguntas abiertas del mural y se anuncia la sesión 2.",Preguntas recogidas en la conexión
