bloque_id,curso_id,numero,colaborativo
SI-MONQB-B1,SI-MONQB,1,TC1
SI-MONQB-B2,SI-MONQB,2,TC2
SI-MONFIS-B1,SI-MONFIS,1,TC1
SI-MONFIS-B2,SI-MONFIS,2,TC2
SI-ERGO-B1,SI-ERGO,1,TC1
SI-ERGO-B2,SI-ERGO,2,TC2
SI-EQHIG-B1,SI-EQHIG,1,TC1
SI-EQHIG-B2,SI-EQHIG,2,TC2
SI-SGCSSMA-B1,SI-SGCSSMA,1,TC1
SI-SGCSSMA-B2,SI-SGCSSMA,2,TC2
SI-IMPAMB-B1,SI-IMPAMB,1,TC1
SI-IMPAMB-B2,SI-IMPAMB,2,TC2
SI-CTRLOP-B1,SI-CTRLOP,1,TC1
SI-CTRLOP-B2,SI-CTRLOP,2,TC2
SI-ALTORIESGO-B1,SI-ALTORIESGO,1,TC1
SI-ALTORIESGO-B2,SI-ALTORIESGO,2,TC2
SI-INCEND-B1,SI-INCEND,1,TC1
SI-INCEND-B2,SI-INCEND,2,TC2
SI-SUSTPEL-B1,SI-SUSTPEL,1,TC1
SI-SUSTPEL-B2,SI-SUSTPEL,2,TC2
SI-PRIMAUX-B1,SI-PRIMAUX,1,TC1
SI-PRIMAUX-B2,SI-PRIMAUX,2,TC2
SI-BUSRESC-B1,SI-BUSRESC,1,TC1
SI-BUSRESC-B2,SI-BUSRESC,2,TC2
