caso_id,sesion_id,alcance,curso_id,bloque_id,indicador_id,descripcion,pregunta_gatilladora,recursos,producto,caso_a,caso_a_lamina,caso_b,caso_b_lamina,evaluacion_lamina,destreza,procesos_mentales,tecnica_metodologica,actitud,roles,presupuesto,fuente
CASO-SI-SGCSSMA-S2,SI-SGCSSMA-S2,sesion,SI-SGCSSMA,SI-SGCSSMA-B1,IND-SI-SGCSSMA-2,"Un servicio se entregó a tiempo y aun así falló. Cuatro pasos, iguales en los dos casos: (1) ubicar los siete hechos en la etapa del ciclo que les toca, por su número, en un cuadro de cuatro columnas —PLANIFICAR, HACER, VERIFICAR, ACTUAR—; (2) escribir en una línea en qué etapa se rompió el ciclo y con qué hecho lo prueban; (3) identificar al menos cuatro partes interesadas en un cuadro de tres columnas —quién, qué esperaba, qué perdió—; (4) separar el contexto en un cuadro de dos columnas —lo que venía de fuera de la empresa y lo que venía de dentro—.","El servicio se entregó a tiempo, conforme y firmado. ¿Dónde se rompió?",Solo el relato del caso que le tocó al equipo. Todo lo demás sale de la sesión.,Tres cuadros y una línea: el ciclo con los nueve hechos · la etapa donde se rompió · las partes interesadas · el contexto. En hoja en blanco.,"SITUACIÓN
Mantenimiento de Equipos Mineros S.A.C. se comprometió a devolver operativo el motor de la faja 3 de una planta concentradora. El trabajo se entregó antes de plazo y el cliente firmó conforme. Ocho días después, el motor volvió a detenerse.

LOS HECHOS
H1 · Se comprometió a devolver el motor operativo en 36 horas.
H2 · Escribió el procedimiento, asignó dos mecánicos y pidió los repuestos el lunes.
H3 · El trabajo terminó en 31 horas y el cliente firmó la conformidad.
H4 · A los ocho días el motor se detuvo: el acople estaba mal alineado.
H5 · La ficha de entrega estaba completa, con sus nueve casillas marcadas y sus dos firmas.
H6 · El cliente descontó S/ 8 000 del valorizado.
H7 · El superintendente de planta pidió por correo evaluar el cambio de contratista.
H8 · Los dos mecánicos rehicieron el trabajo en su día de descanso.
H9 · El jefe de taller cambió la ficha: ahora incluye la medición de alineación y la firma de quien la tomó.","Mantenimiento de Equipos Mineros S.A.C. · el motor de la faja 3

H1 · Compromiso: motor operativo en 36 horas

H2 · Procedimiento escrito y dos mecánicos asignados

H3 · Terminado en 31 horas; el cliente firmó conforme

H4 · A los ocho días se detuvo: acople mal alineado

H5 · La ficha de entrega, completa: nueve casillas y dos firmas

H6 · S/ 8 000 descontados; los mecánicos rehicieron el trabajo

H7 · Se cambió la ficha: ahora exige medir la alineación","SITUACIÓN
Transporte de Concentrado del Centro S.A.C. se comprometió a mover 900 toneladas de mineral en una semana. Movió 880 y el cliente pagó completo. El viernes, un volquete terminó contra el talud.

LOS HECHOS
H1 · Se comprometió a mover 900 toneladas en una semana.
H2 · Planificó doce viajes diarios, asignó cuatro volquetes y programó el chequeo de frenos antes de cada salida.
H3 · La semana cerró con 880 toneladas movidas y el cliente pagó completo.
H4 · El viernes un volquete se quedó sin frenos en la bajada del kilómetro 4 y terminó contra el talud; el conductor salió ileso.
H5 · La revisión de frenos de ese día estaba firmada y sin observaciones.
H6 · La firmó el propio conductor, en la garita, sin bajar de la unidad.
H7 · La gente del caserío vecino cerró la vía dos días.
H8 · Los otros tres volquetes quedaron parados esos dos días.
H9 · La empresa cambió el formato: ahora el chequeo lo hace el mecánico de patio, con la hora y la placa.","Transporte de Concentrado del Centro S.A.C. · 900 toneladas en una semana

H1 · Compromiso: 900 toneladas en una semana

H2 · Doce viajes diarios, cuatro volquetes, chequeo de frenos

H3 · Cerró con 880 toneladas; el cliente pagó completo

H4 · Viernes: un volquete sin frenos contra el talud

H5 · La revisión de ese día, firmada y sin observaciones

H6 · La firmó el conductor, sin bajar de la unidad

H7 · El caserío cerró la vía dos días; tres volquetes parados","La mitad de los equipos trabaja el caso A y la otra mitad el B; el procedimiento es el mismo, cambian la empresa y los datos. Cada equipo entrega su cuadro y lo sustenta en 2 minutos. Se comprueba con lista de cotejo.",describir,percibir con claridad → seleccionar las partes esenciales → ordenar la exposición → describir con lenguaje apropiado,"ubicando cada hecho numerado en su etapa del ciclo, y separando el contexto de las partes interesadas",,,40 min de Aplicación · equipos de 4,
CASO-SI-SGCSSMA-S1,SI-SGCSSMA-S1,sesion,SI-SGCSSMA,SI-SGCSSMA-B1,IND-SI-SGCSSMA-1,"Una contratista minera tiene que entregar la carpeta que autoriza el ingreso, y le faltan documentos. Cinco pasos, iguales en los dos casos: (1) clasificar cada documento por letra del SSOMAC con el semáforo —verde si es de una sola letra, ámbar si sirve a dos o más, rojo si no se ubica—; (2) señalar cuáles faltan y cuáles están pero no sirven; (3) describir qué queda sin cubrir y a quién deja desprotegido; (4) señalar cuál lo pide el cliente por su sistema de calidad y no la ley, y qué le pasa a la empresa si le falta; (5) decir por qué esos documentos no deberían guardarse por área sino por proceso, con un ejemplo de su propio cuadro.",Faltan dos documentos de ocho. ¿Es solo eso lo que le falta a esta carpeta?,Solo el relato del caso que le tocó al equipo. Todo lo demás sale de la sesión.,"Cuadro de cinco filas, una por paso del encargo, en hoja en blanco. Se sustenta en 2 minutos.","Rosa Quispe, jefa de SSOMA de Perforaciones y Sondajes Mineros S.A.C. —perforación diamantina, 78 trabajadores—, tiene 48 horas para entregar la carpeta que autoriza el ingreso a la planta concentradora. Si no entra el viernes, las tres máquinas se quedan sin frente y la empresa pierde el mes.

El cliente pide ocho documentos: política integrada, matriz de residuos del taller, cargos de entrega de EPP, encuesta de satisfacción del cliente, programa de mantenimiento preventivo, exámenes médicos ocupacionales, hoja de datos de seguridad del aceite hidráulico y acta del comité.

En el archivador encuentra seis: la política, firmada en marzo · la matriz de residuos, de enero · el programa de mantenimiento preventivo, con la fecha del año corregida a mano sobre la del año anterior · los exámenes médicos ocupacionales, con vencimiento el 12 de marzo del año pasado · la hoja de datos de seguridad del aceite hidráulico, edición 2019 · el acta del comité de la reunión de agosto.

Todo está guardado por área: una carpeta de Seguridad, una de Medio Ambiente y una de Calidad. La política está fotocopiada en las tres.","Perforaciones y Sondajes Mineros S.A.C. · perforación diamantina · 78 trabajadores
Rosa Quispe tiene 48 horas. Si no entra el viernes, tres máquinas sin frente.

El cliente pide OCHO documentos. En el archivador hay SEIS:
política firmada en marzo · matriz de residuos de enero · programa de mantenimiento con la fecha corregida a mano sobre la del año anterior · exámenes médicos vencidos el 12 de marzo del año pasado · hoja de datos del aceite, edición 2019 · acta del comité de agosto.

Todo guardado por área. La política, fotocopiada en las tres carpetas.","Julio Mamani, jefe de operaciones de Obras Civiles y Movimiento de Tierras S.A.C. —45 trabajadores—, tiene cinco días para entregar la carpeta que autoriza el ingreso a mina. Si no entra el lunes, las cuatro excavadoras quedan paradas en el patio.

El cliente pide ocho documentos: política integrada, programa de manejo de residuos del taller de maquinaria, cargos de entrega de EPP, encuesta de satisfacción del cliente, plan de mantenimiento de la maquinaria, exámenes médicos ocupacionales, hoja de datos de seguridad del combustible y acta del comité.

En el archivador encuentra seis: la política, impresa, con la línea de firma del gerente en blanco · el programa de manejo de residuos, de febrero · los cargos de entrega de EPP, firmados uno por uno, todos con la misma letra · los exámenes médicos ocupacionales, vigentes hasta noviembre · la hoja de datos de seguridad del combustible, edición 2017 · el acta del comité de la reunión de julio.

Cada área guarda lo suyo en su propio archivador, y el de Calidad lo lleva la asistente de gerencia, que está de vacaciones.","Obras Civiles y Movimiento de Tierras S.A.C. · 45 trabajadores
Julio Mamani tiene cinco días. Si no entra el lunes, cuatro excavadoras paradas.

El cliente pide OCHO documentos. En el archivador hay SEIS:
política con la línea de firma en blanco · programa de residuos de febrero · cargos de EPP firmados uno por uno, todos con la misma letra · exámenes médicos vigentes hasta noviembre · hoja de datos del combustible, edición 2017 · acta del comité de julio.

Cada área guarda lo suyo. El archivador de Calidad lo lleva la asistente, que está de vacaciones.","La mitad de los equipos trabaja el caso A y la otra mitad el B; el procedimiento es el mismo, cambia la empresa y qué le falta. Cada equipo entrega su cuadro de clasificación y de huecos y lo sustenta en 2 minutos. Se comprueba con lista de cotejo.",,,,,,,
CASO-SI-SGCSSMA-TC1,,colaborativo,SI-SGCSSMA,SI-SGCSSMA-B1,IND-SI-SGCSSMA-1;IND-SI-SGCSSMA-2;IND-SI-SGCSSMA-3,"Una contratista minera recibe el resultado de la evaluación que el cliente le hizo contra las cláusulas 4 a 7 de las normas ISO, antes de autorizar el ingreso de su personal, y tiene pocos días para responder. El equipo lee el informe y la carpeta que la empresa entregó, reconoce qué cláusula incumple cada hallazgo, describe a quién deja sin cubrir cada hueco y propone por dónde empezar a cerrarlos.

El lunes a las siete, Rosa Quispe encontró sobre su escritorio un sobre de la unidad minera y una nota de gerencia con tres palabras: «resuélvelo, es urgente».

Rosa lleva ocho meses como jefa de SSOMA en Servicios Mineros Huanza, una contratista de mantenimiento mecánico con 78 trabajadores en planilla. El sobre traía el resultado de la evaluación que el cliente le hizo a la empresa antes de autorizar el ingreso a la planta concentradora: cincuenta requisitos verificados, ordenados como los ordena la norma, y al pie un número: 42 %.

El evaluador había agrupado el resultado en cuatro tramos. El mejor era el del apoyo —personas, equipos y documentos—, con 67 %. Los dos peores no llegaban a la mitad: el del liderazgo, en 25 %, y el de la planificación, en 29 %. Dentro de esos dos, tres grupos completos habían quedado en cero.

Rosa fue al archivador a buscar lo que el evaluador no encontró. La política estaba —impresa, en una carpeta con el logo de la empresa—, pero era el borrador que dejó el consultor el año pasado: al pie, sobre la línea de firma del gerente general, no había nada. Del reglamento interno solo existía el índice. De órgano de representación no había: en su lugar, un memorando designaba a un supervisor de seguridad, firmado por gerencia, y nadie recordaba que se hubiera votado nada. Y de identificación de peligros, cada frente llenaba antes de empezar el formato que da el cliente, tarea por tarea; no había un documento propio de la empresa, ni nada colgado a la entrada del taller. En el margen de esa línea, el evaluador había escrito a lápiz: «no exhibido».

El programa del año tampoco existía. Las capacitaciones se dictaban cuando el cliente las pedía, y la inducción la daba el cliente en su propia sala. Objetivos sí había, colgados en el pasillo: toneladas atendidas y horas de parada de planta.

Lo que sí había era la carpeta de exámenes médicos al día, los cargos de entrega de EPP firmados uno por uno, y la matriz de requisitos legales que armó el consultor —la misma del año pasado, sin una línea añadida desde entonces—. En el comedor había un buzón para reportar condiciones inseguras; Rosa lo abrió una vez y encontró cuatro papeles doblados, ninguno con respuesta.

Antes de subir se detuvo en la primera hoja. El alcance que la empresa había declarado decía, en una línea: «mantenimiento mecánico en planta concentradora». Rosa pensó en el taller de la avenida Los Cedros, a doce cuadras, donde la empresa desarma los motores que saca de planta, guarda los cilindros de oxígeno y acumula los bidones de aceite usado hasta que pasa el recolector. Arriba, en la carátula, estaban las normas contra las que se había evaluado: dos.

A media mañana bajó a la oficina del gerente. Estaba con el jefe de operaciones y con un correo del área de compras del cliente abierto en la pantalla: a partir del próximo año solo mantendrían en su registro de proveedores a las empresas que estuvieran avanzando hacia la certificación de calidad. «Tenemos plata para una cosa», dijo el gerente. «Si no entramos a planta el viernes 12, perdemos el contrato. Y si el año que viene nos sacan del registro, da igual haber entrado».

«Yo no firmo un pase de ingreso sin mapa de riesgos», dijo el jefe de operaciones. «¿Te acuerdas de la contratista que entró en marzo? Un ayudante metió la mano en una faja que nadie había señalizado. Perdió dos dedos. Desde ese día el cliente revisa la carpeta antes de firmar nada».

El gerente los miró a los dos. «Rosa, dime qué le falta a esta empresa, a quién deja sin cubrir, y por dónde empiezo».","¿Qué le falta a esta empresa, a quién deja sin cubrir y por dónde se empieza?","Anexo 07 — Informe de evaluación del cliente: el resultado por cláusula y el detalle de los cincuenta requisitos verificados · Anexo 08 — Hoja de trabajo: las relaciones de cláusulas, documentos y normas con distractores, y las plantillas de las tres piezas del producto · No hace falta ningún documento externo: todo lo necesario está en el relato y en los dos anexos","Sobre la hoja de trabajo que se entrega (anexo 08), tres piezas: (1) el cuadro de correspondencia —qué cláusula incumple cada hallazgo, qué documento u órgano lo cubre y qué norma lo exige— resuelto MARCANDO sobre las tres relaciones con distractores; (2) el programa de cierre: tres objetivos, cada uno con indicador, meta, plazo y responsable; (3) la respuesta al gerente a sus tres preguntas, en diez líneas como máximo. Y un PPT de sustentación que muestre el recorrido completo: el resultado de la evaluación por cláusula con los grupos caídos marcados, el cuadro de correspondencia y el programa de cierre. Se sustenta en 8 minutos, con roles.",,,,,"Todos los equipos trabajan el mismo caso. Cada equipo entrega el informe de brechas y el programa de cierre, y lo sustenta en 8 minutos con roles. Se evalúa con la rúbrica de cinco criterios; la suma es la nota.",describir,percibir con claridad → seleccionar las partes esenciales → ordenar la exposición → describir con lenguaje apropiado,"reconociendo en el informe del cliente y en la carpeta entregada qué le falta al sistema, marcando sobre las relaciones de cláusulas, documentos y normas con distractores, y relacionando cada brecha con lo que la cubre",Cada integrante responde ante el equipo por la parte que le tocó.,"Cuatro integrantes, un rol cada uno. ANALISTA DEL INFORME: ubica en qué cláusulas cayó la evaluación y con qué cifras. RESPONSABLE DE NORMA: relaciona cada brecha con el documento u órgano que la cubre y con la cláusula y la norma que lo exigen. REDACTOR DEL PROGRAMA: arma los tres objetivos con indicador, meta, plazo y responsable. VOCERO: ordena la sustentación, abre y responde primero. Cada integrante responde ante el equipo por su parte.","120 min · 4 estudiantes. Leer el relato y el informe 15 · ubicar en qué cláusulas cayó la evaluación 20 · por dónde empezar y por qué 20 · llenar el cuadro de correspondencia, marcando 18 · el sistema que nadie evaluó 12 · armar las láminas 25 · ensayar con roles 10.","Caso construido. DECISION de Jorge Canchiz (instructor lider SI), 2026-09-02: este curso se trabaja sin anclar los colaborativos en una tesis de repositorio. Los datos son verosimiles y estan construidos sobre las clausulas 4 a 7 de la estructura de alto nivel de las ISO y sobre el marco legal verificado (§15). Se declara al cerrar la sustentacion."
CASO-SI-SGCSSMA-TC2,,colaborativo,SI-SGCSSMA,SI-SGCSSMA-B2,IND-SI-SGCSSMA-3;IND-SI-SGCSSMA-4;IND-SI-SGCSSMA-1,"Una contratista minera cierra su primer año con el sistema de gestión ya montado. El resultado de la evaluación del cliente subió, los accidentes registrados bajaron, y aun así el comité se niega a firmar el informe. El equipo compara los dos años, describe qué dice cada indicador y prepara la revisión por la dirección. Rosa Quispe cumplió un año en Servicios Mineros Huanza el lunes, y lo celebró con una carpeta nueva sobre el escritorio.

En doce meses la empresa hizo casi todo lo que faltaba. La política se firmó en marzo. El comité se constituyó en abril, esta vez con elección de los trabajadores. El reglamento interno se entregó con cargo a cada uno. El IPERC se levantó con los supervisores de cada frente y el mapa de riesgos lleva desde mayo colgado a la entrada del taller. Cuando la minera volvió a evaluarlos en noviembre, el resultado subió de 42 % a 78 %. El gerente mandó imprimir el cuadro y lo colgó en el pasillo.

El viernes, el superintendente de planta pidió el informe de cierre de año. Rosa se sentó a preparar los números. Los del año anterior estaban en una hoja de cálculo que llenó a mano el practicante de SSOMA, y nadie los había vuelto a mirar desde que se fue.

La planilla había crecido: de 78 trabajadores a 92. Los accidentes registrados bajaron de seis a cuatro. Pero los días de descanso médico pasaron de 42 a 118, y de esos, noventa eran de un solo hombre: un mecánico que el 14 de junio cayó desde una plataforma armada con tablones sobre dos caballetes, mientras desmontaba un motor. Rosa había llevado la investigación. En el acta quedó escrito que la tarea no figuraba en el IPERC porque no era rutinaria.

Los incidentes reportados durante el año fueron nueve. El año anterior, con catorce trabajadores menos, habían sido treinta y cuatro. Rosa lo anotó en su cuaderno y siguió con el programa anual: de doce capacitaciones se hicieron cinco; de cuatro simulacros, uno; la auditoría interna quedó pendiente; y las dos revisiones por la dirección no llegaron a agendarse. Las inspecciones sí se hicieron: veintiuna de veinticuatro. El comité se reunió once veces.

El 3 de setiembre se derramaron cuarenta litros de aceite hidráulico en el piso del taller. El fluido alcanzó el canal de drenaje pluvial antes de que nadie llegara con el material absorbente. Rosa fue a buscar la matriz de aspectos ambientales que habían levantado en junio: el manejo de aceite usado no aparecía en ninguna fila.

El lunes por la mañana el gerente entró a su oficina con el cuadro del pasillo en la mano. «Subimos de 42 a 78 y la frecuencia de accidentes bajó de 32 a 18. Vamos a presentar esto al cliente y a pedir la ampliación del contrato». El presidente del comité, que estaba en la puerta, no se movió de donde estaba. «Yo eso no lo firmo». El gerente se volvió hacia Rosa. «Prepara el informe de revisión por la dirección y dime quién tiene razón».","¿Quién tiene razón, y qué se le reporta al cliente?","Anexo 14 — Datos de la empresa: estadísticas de los dos años, cumplimiento del programa anual y resultado comparado del diagnóstico · Anexo 15 — Hoja de trabajo: la relación de asuntos de la revisión por la dirección con distractores, y las plantillas de las tres piezas del producto · No hace falta ningún documento externo: todo lo necesario está en el relato y en los dos anexos","Sobre la hoja de trabajo que se entrega (anexo 15), tres piezas: (1) el cuadro comparado de los tres índices de los dos años, VERIFICADO contra el anexo de datos; (2) la relación de asuntos que la revisión por la dirección debe cubrir, resuelta MARCANDO cuáles corresponden y cuáles evidencia el año —sobre una lista con distractores—; (3) las acciones correctivas, con responsable, plazo y forma de verificación, y la respuesta al gerente en diez líneas como máximo. Y un PPT de sustentación que muestre el recorrido completo: el cuadro de los índices, la relación de asuntos resuelta y las acciones correctivas. Se sustenta en 8 minutos, con roles.",,,,,Todos los equipos trabajan el mismo caso. Cada equipo entrega el informe de revisión por la dirección y lo sustenta en 8 minutos con roles. Se evalúa con la rúbrica de cinco criterios; la suma es la nota.,describir,percibir con claridad → seleccionar las partes esenciales → ordenar la exposición → describir con lenguaje apropiado,"comparando los tres índices de los dos años, contrastando lo programado con lo ejecutado del programa anual, y marcando sobre la relación de asuntos que la revisión por la dirección debe cubrir",Cada integrante responde ante el equipo por la parte que le tocó.,"Cuatro integrantes, un rol cada uno. ANALISTA DE INDICADORES: verifica los tres índices de los dos años y describe qué mide cada uno y en qué sentido varía. INVESTIGADOR DEL ACCIDENTE: describe qué exige el sistema al investigar, qué registro genera, a quién se notifica y qué falló en el planeamiento. RESPONSABLE AMBIENTAL: describe cómo se identifica un aspecto ambiental significativo y qué acción correctiva corresponde. VOCERO: ordena el informe, abre la sustentación y responde primero. Cada integrante responde ante el equipo por su parte.","120 min · 4 estudiantes. Leer el relato y extraer los datos 15 · verificar los índices y contrastarlos 20 · qué dice la variación y por qué 20 · llenar el informe de revisión, marcando 18 · el hueco ambiental 12 · armar las láminas 25 · ensayar con roles 10.","Caso construido. DECISION de Jorge Canchiz (instructor lider SI), 2026-09-02: este curso se trabaja sin anclar los colaborativos en una tesis de repositorio. Los datos son verosimiles y estan construidos a partir del marco legal verificado (§15) y de la estructura de la lista de verificacion de la RM 050-2013-TR, Anexo 3. Se declara al cerrar la sustentacion."
CASO-SI-SGCSSMA-S3,SI-SGCSSMA-S3,sesion,SI-SGCSSMA,SI-SGCSSMA-B1,IND-SI-SGCSSMA-2,"Dos gerentes firmaron su política y pidieron mejorar. En las dos empresas sigue pasando lo mismo. Cuatro pasos, iguales en los dos casos: (1) revisar la política contra los cuatro contenidos que la norma exige, y decir con qué hecho lo prueban; (2) convertir uno de sus compromisos en un objetivo, con su indicador, meta, plazo y responsable; (3) decir quién aprueba, quién responde y cómo se difunde; (4) señalar el hecho que parece estar bien y no lo está, y explicar por qué.",Los dos gerentes firmaron y pidieron mejorar. ¿Por qué no pasa nada?,Solo el relato del caso que le tocó al equipo. Todo lo demás sale de la sesión.,"Tres cuadros y una línea, en hoja en blanco: la política revisada · el objetivo con sus cinco campos · quién aprueba, responde y difunde · el hecho que engaña.","SITUACIÓN
Elena Ríos, jefa de planta de Planta de Tratamiento de Aguas Industriales S.A.C., tiene la auditoría del cliente el jueves. Si vuelve a haber rechazos, el contrato de operación no se renueva en enero.

LOS HECHOS
H1 · La política cabe en cuatro líneas y lleva dos años en la pared de la sala de control.
H2 · Al pie está la firma del gerente general.
H3 · De los tres operadores presentes en la auditoría anterior, ninguno supo decir qué dice.
H4 · El mes pasado el cliente rechazó dos lotes de agua tratada: sólidos fuera de límite.
H5 · Cada lote rechazado cuesta S/ 12 000 en retratamiento.
H6 · El acta de la reunión de septiembre está firmada por los seis jefes de área, con «calidad» en la agenda.
H7 · El gerente pidió «bajar los rechazos» al jefe de planta: sin plazo y sin decir cómo se mide.

Un operador contó, de pasada, que en la planta donde trabajaba antes un lote fuera de límite llegó al río antes de que alguien lo parara.","Planta de Tratamiento de Aguas Industriales S.A.C. · auditoría el jueves

H1 · Política de cuatro líneas, dos años en la pared

H2 · Al pie, la firma del gerente general

H3 · Tres operadores; ninguno supo qué dice

H4 · Dos lotes rechazados: sólidos fuera de límite

H5 · Cada lote: S/ 12 000 de retratamiento

H6 · Acta de septiembre: firmada por los seis jefes

H7 · «Bajar los rechazos»: sin plazo ni medida","SITUACIÓN
Marco Quilca, jefe de operaciones de Servicios de Alimentación para Campamento S.A.C., tiene la auditoría de inocuidad el lunes. El contrato se renueva en noviembre.

LOS HECHOS
H1 · La política ocupa media página: inocuidad, seguridad, ambiente y comunidad.
H2 · La firmó el jefe de operaciones en enero, porque el gerente general estaba de viaje.
H3 · Está enmarcada, con el sello de la certificadora y la fecha de renovación al pie.
H4 · Está en el mural del comedor, impresa en letra pequeña.
H5 · El cliente reclamó tres veces en el trimestre: raciones servidas sin registro de temperatura.
H6 · Las tres veces el cocinero dijo que nadie le explicó quién revisa el registro antes de servir.
H7 · El gerente pidió «mejorar el servicio» al área de operaciones.

El cocinero contó, de pasada, que en otro campamento una tanda mal conservada mandó a doce personas a tópico.","Servicios de Alimentación para Campamento S.A.C. · auditoría el lunes

H1 · Política de media página: cuatro compromisos

H2 · La firmó operaciones, no la gerencia

H3 · Enmarcada, con el sello de la certificadora

H4 · En el mural del comedor, en letra pequeña

H5 · Tres reclamos por raciones sin registro

H6 · Nadie le dijo al cocinero quién revisa

H7 · «Mejorar el servicio»: al área, sin nombre","La mitad de los equipos trabaja el caso A y la otra mitad el B; el procedimiento es el mismo, cambian la empresa y los datos. Cada equipo entrega su cuadro y lo sustenta en 2 minutos. Se comprueba con la lista de cotejo.",describir,percibir con claridad → seleccionar las partes esenciales → ordenar la exposición → describir con lenguaje apropiado,"contrastando la política contra lo que la norma exige, y bajando un compromiso hasta un objetivo con responsable",Cada integrante responde ante el equipo por la parte que le tocó.,,40 min de Aplicación · equipos de 4,
CASO-SI-SGCSSMA-S4,SI-SGCSSMA-S4,sesion,SI-SGCSSMA,SI-SGCSSMA-B1,IND-SI-SGCSSMA-2,"Dos empresas van a perder dinero el viernes por un papel que estaba escrito y no sirvió. Cuatro pasos, iguales en los dos casos: (1) de los siete hechos, decir qué documentos debían estar controlados y cuál no hacía falta; (2) señalar qué falló en el control de cada uno —quién aprueba, dónde vive, qué versión manda— y con qué hecho lo prueban; (3) decir qué recursos hacen falta y quién los pone; (4) decir qué le puede pasar a esta empresa, y en qué se diferencia de lo que le pasaría si incumpliera la ley.","El documento existía, estaba escrito y estaba firmado. ¿Por qué no sirvió?",Solo el relato del caso que le tocó al equipo. Todo lo demás sale de la sesión.,"Cuadro de cuatro filas, una por paso del encargo, en hoja en blanco. Los documentos van por su número de hecho.","SITUACIÓN
Servicios Analíticos Industriales S.A.C. —laboratorio de ensayo químico, 22 trabajadores— firmó los resultados de tres embarques de concentrado. El lunes llegó la carta de reclamo de la minera.

LOS HECHOS
H1 · La minera reclama S/ 240 000 por diferencia de ley en tres embarques.
H2 · El método de ensayo cambió en abril: la revisión 4 baja el límite de cuantificación.
H3 · La revisión 4 llegó al correo del jefe de laboratorio, un jueves.
H4 · Los tres analistas siguen con la hoja plastificada pegada al equipo: revisión 2, de hace tres años.
H5 · La carpeta de calibraciones está impecable: doce hojas firmadas por el mismo jefe de laboratorio.
H6 · En el mural del pasillo está la lista de cumpleaños del personal, actualizada.
H7 · Hay una sola licencia del software del equipo, y el técnico que sabía configurarlo renunció en mayo.

La minera pide el dossier del método el viernes; si no llega, retiene el pago del trimestre. La analista más nueva comentó que en su trabajo anterior una hoja vencida los hizo reportar un lote como estéril; era mineral, y el cliente lo supo seis meses después.","Servicios Analíticos Industriales S.A.C. · el dossier del método, el viernes

H1 · Reclamo de S/ 240 000 por diferencia de ley

H2 · El método cambió en abril: revisión 4

H3 · Llegó al correo del jefe de laboratorio

H4 · Los analistas siguen con la revisión 2, plastificada

H5 · La carpeta de calibraciones, impecable y firmada

H6 · En el mural, la lista de cumpleaños del personal

H7 · Una sola licencia; el técnico renunció en mayo","SITUACIÓN
Ingeniería y Montaje Electromecánico S.A.C. —64 trabajadores, ocho meses en obra— entrega la faja transportadora el viernes. La supervisión devolvió el dossier de calidad con tres observaciones.

LOS HECHOS
H1 · Cada día de atraso en el acta cuesta S/ 8 000.
H2 · Los soportes del tramo 3 se montaron con el plano revisión B; los del tramo 5, con la C.
H3 · La revisión C llegó por WhatsApp al capataz, un sábado.
H4 · En la caseta hay planos impresos de las dos revisiones, y ninguno tiene sello.
H5 · El registro de torque está completo y dentro de tolerancia: la de la revisión B.
H6 · En la caseta también está el rol de vacaciones del personal, al día.
H7 · Nadie controla los planos: el residente lo hace «cuando puede» y la impresora saca en A4 planos que son A1.

El capataz cuenta, sin darle importancia, que en otra obra un soporte montado con plano viejo cedió con la faja cargada; no hubo heridos porque era domingo.","Ingeniería y Montaje Electromecánico S.A.C. · el acta de la faja, el viernes

H1 · S/ 8 000 por cada día de atraso

H2 · Tramo 3 con la revisión B; tramo 5 con la C

H3 · La revisión C llegó por WhatsApp, un sábado

H4 · Las dos revisiones impresas, sin sello

H5 · Torque completo, con la tolerancia vieja

H6 · En la caseta, el rol de vacaciones al día

H7 · Nadie controla los planos; la impresora saca A4","La mitad de los equipos trabaja el caso A y la otra mitad el B; el procedimiento es el mismo, cambian la empresa y los datos. Cada equipo entrega su cuadro y lo sustenta en 2 minutos. Se comprueba con la lista de cotejo.",describir,percibir con claridad → seleccionar las partes esenciales → ordenar la exposición → describir con lenguaje apropiado,"separando lo que la norma exige documentar de lo que la empresa documenta, y rastreando qué falló en el control de esa información",Cada integrante responde ante el equipo por la parte que le tocó.,,40 min de Aplicación · equipos de 4,
CASO-SI-SGCSSMA-S5,SI-SGCSSMA-S5,sesion,SI-SGCSSMA,SI-SGCSSMA-B1,IND-SI-SGCSSMA-3,"Dos contratistas mineras creían tener su sistema en regla porque el cliente las aprobó. Cuatro pasos, iguales en los dos casos: (1) de los siete hechos, separar los que incumplen una exigencia legal de los que no; (2) para cada incumplimiento, decir qué norma lo manda; (3) decir qué le puede pasar a la empresa por cada uno, y quién se lo puede exigir; (4) señalar el hecho que parece estar bien y no lo está, y explicar por qué.",El cliente las aprobó a las dos. ¿Eso las pone en regla?,Solo el relato del caso que le tocó al equipo. Todo lo demás sale de la sesión.,"Cuadro de cuatro filas, una por paso del encargo, en hoja en blanco. Los hechos van por su número.","SITUACIÓN
Voladura y Perforación Subterránea S.A.C. —34 trabajadores— entró a la unidad minera en marzo con la carpeta que el cliente pide, aprobada sin observaciones. El lunes llegó SUNAFIL sin aviso, por una denuncia. Dio tres días hábiles para presentar documentos.

LOS HECHOS
H1 · El inspector pidió el estudio de línea base, la política firmada, el RISST y el registro de capacitaciones.
H2 · La empresa tiene 34 trabajadores en planilla.
H3 · Hay un supervisor de seguridad designado por memorando de gerencia. No hay comité.
H4 · El RISST está impreso en la oficina; no hay cargos de entrega firmados.
H5 · En el año se dictaron dos capacitaciones, las dos a pedido del cliente.
H6 · El certificado ISO 45001 está enmarcado en la oficina, vigente hasta el año próximo.
H7 · El mapa de riesgos está en la carpeta del cliente; en el frente de trabajo no hay nada colgado.

El contrato con la minera son S/ 1 800 000 al año. Un perforista contó, sin darle importancia, que en otra contratista un taco salió antes de tiempo y el ayudante quedó con la audición perdida.","Voladura y Perforación Subterránea S.A.C. · 34 trabajadores · SUNAFIL dio tres días

H1 · Piden línea base, política, RISST y capacitaciones

H2 · 34 trabajadores en planilla

H3 · Un supervisor por memorando; no hay comité

H4 · El RISST impreso, sin cargos firmados

H5 · Dos capacitaciones al año, a pedido del cliente

H6 · El certificado ISO 45001, enmarcado y vigente

H7 · El mapa de riesgos, en la carpeta; nada colgado","SITUACIÓN
Sostenimiento y Shotcrete S.A.C. —26 trabajadores— pasó en julio la auditoría del cliente con 88 %. El 3 de septiembre un trabajador cayó de un andamio y tiene doce días de descanso médico. El cliente pide el informe de investigación en 48 horas.

LOS HECHOS
H1 · La auditoría del cliente, en julio, dio 88 % y no dejó observaciones de fondo.
H2 · La empresa tiene 26 trabajadores en planilla.
H3 · Hay comité de seguridad, con cuatro miembros designados por gerencia.
H4 · El accidente del 3 de septiembre no se investigó: no hay informe, no hay medidas correctivas y no figura en ningún registro.
H5 · El RISST se imprimió y se dejó en la caseta; nadie firmó cargo de entrega.
H6 · El mapa de riesgos existe, en la carpeta del cliente; no está exhibido en la labor.
H7 · En el año se dictaron tres capacitaciones.

El jefe de guardia contó, de pasada, que en otra obra una malla mal anclada cedió de madrugada y no hubo nadie debajo por casualidad.","Sostenimiento y Shotcrete S.A.C. · 26 trabajadores · el informe, en 48 horas

H1 · La auditoría del cliente dio 88 %, sin observaciones

H2 · 26 trabajadores en planilla

H3 · Comité de cuatro miembros, designados por gerencia

H4 · El accidente del 3 de septiembre, sin investigar

H5 · El RISST en la caseta, sin cargos firmados

H6 · El mapa de riesgos, en la carpeta; no exhibido

H7 · Tres capacitaciones en el año","La mitad de los equipos trabaja el caso A y la otra mitad el B; el procedimiento es el mismo, cambian la empresa y los datos. Cada equipo entrega su cuadro y lo sustenta en 2 minutos. Se comprueba con la lista de cotejo.",describir,percibir con claridad → seleccionar las partes esenciales → ordenar la exposición → describir con lenguaje apropiado,"separando lo que exige la ley de lo que pide el cliente, y poniendo a cada incumplimiento la norma que lo manda",Cada integrante responde ante el equipo por la parte que le tocó.,,40 min de Aplicación · equipos de 4,
