contenido_id,sesion_id,indicador_id,contenido,recursos,desarrollo,origen
C-SI-SGCSSMA-S2-1,SI-SGCSSMA-S2,IND-SI-SGCSSMA-2,El ciclo PHVA y qué se hace en cada etapa,,"PHVA son cuatro etapas que se repiten sin fin | Planificar es definir qué se quiere lograr y cómo | Hacer es ejecutar lo planificado, no improvisar sobre la marcha | Verificar es medir si salió como se esperaba | Actuar es corregir y volver a planificar con lo aprendido | Del cuarto paso se vuelve al primero: por eso es un ciclo | La mayoría de empresas solo hace planificar y hacer | Sin verificar, nadie sabe si de verdad funcionó | Sin actuar, el mismo error vuelve el mes siguiente | Quien no cierra el ciclo se entera por el cliente",oficial
C-SI-SGCSSMA-S2-2,SI-SGCSSMA-S2,IND-SI-SGCSSMA-2,"Cliente, parte interesada y satisfacción del cliente",,"Cliente es quien recibe el servicio y paga por él | Parte interesada es cualquiera afectado por lo que hace la empresa | Todo cliente es parte interesada; no toda parte interesada es cliente | Satisfacción es qué tan cerca quedó lo entregado de lo pactado | No se mide preguntando en el pasillo: se mide con evidencia | Encuesta, reclamos recibidos, trabajos rehechos y renovación del contrato | La renovación del contrato es la medida que más pesa",oficial
C-SI-SGCSSMA-S2-3,SI-SGCSSMA-S2,IND-SI-SGCSSMA-2,El contexto de la organización: lo de fuera y lo de dentro,,"El contexto es lo que condiciona a la empresa, dentro y fuera | La norma pide identificarlo antes de planificar nada | Sin contexto, el sistema se diseña para una empresa que no existe | De fuera vienen el cliente, la normativa y la competencia | También el mercado laboral: conseguir mecánicos con experiencia | Lo de fuera no se controla, pero se puede prever | De dentro vienen el personal, los equipos y los procesos | Y la cultura: qué se hace cuando nadie está mirando | Lo de dentro sí se controla, y por ahí se empieza",oficial
C-SI-SGCSSMA-S2-4,SI-SGCSSMA-S2,IND-SI-SGCSSMA-2,Qué espera cada parte interesada,,"Cada parte interesada espera algo distinto de la empresa | Los trabajadores esperan volver a casa sin daño | El cliente espera el servicio pactado, en el plazo pactado | La autoridad espera que se cumpla la ley | Los proveedores esperan que se les pague a tiempo | La norma pide revisar qué espera cada una y anotarlo | Lo que no se anota se olvida cuando aprieta el plazo | Si una no recibe lo que espera, la empresa se entera tarde",oficial
C-SI-SGCSSMA-S1-1,SI-SGCSSMA-S1,IND-SI-SGCSSMA-1,Qué es un sistema de gestión y para qué sirve tenerlo,,"No es una carpeta: es cómo la empresa organiza lo que hace | La política declara el compromiso y los objetivos lo aterrizan | Los procesos dicen quién hace qué; los registros lo prueban | La diferencia no es trabajar más, es dejar rastro | Lo que no se puede demostrar, no se hizo | El cliente revisa esa carpeta antes de dejarte entrar a planta | Sin sistema se pierden contratos, aunque el trabajo sea bueno",oficial
C-SI-SGCSSMA-S1-2,SI-SGCSSMA-S1,IND-SI-SGCSSMA-1,Qué cubre cada letra del SSOMAC y qué norma la respalda,,"SSOMAC junta los cuatro sistemas que una contratista opera a la vez | Seguridad y salud protegen a la misma persona de daños distintos | Medio ambiente mira al entorno; calidad mira al cliente | Las cuatro no pesan igual: esa es la distinción de hoy | Seguridad y salud son ley: se cumplen o se sanciona | Calidad y ambiente son ISO: se certifican si se decide | Voluntaria no es prescindible: el cliente puede exigirla | Integrar no es juntar carpetas: es compartir una sola política | Si un registro sirve a dos sistemas, están integrados | Por separado hay que auditar cuatro veces la misma empresa",oficial
C-SI-SGCSSMA-S1-3,SI-SGCSSMA-S1,IND-SI-SGCSSMA-1,Por qué la empresa se ordena por procesos,,"Un proceso convierte una entrada en una salida | Lo define qué transforma y quién responde por ello | Aquí va del equipo detenido al equipo operativo | El mapa ordena la empresa por lo que hace, no por áreas | Operativos entregan, apoyo sostiene, estratégicos deciden | Sirve para ver dónde actúa cada sistema | Los cuatro sistemas actúan sobre los mismos procesos | Por eso comparten política, liderazgo y documentación | Y por eso siguen el mismo ciclo PHVA | Ese ciclo es lo que hace que el sistema mejore",oficial
C-SI-SGCSSMA-S1-4,SI-SGCSSMA-S1,IND-SI-SGCSSMA-2,Dónde entra la ISO 9001 y por qué la exige el cliente,,"La ISO 9001 ordena el sistema de calidad | Su objeto es la constancia: entregar lo pactado, siempre igual | Se apoya en los procesos y en el ciclo PHVA que ya vimos | Distingue cliente, parte interesada y satisfacción del cliente | Certificarse es que un tercero audita y emite un certificado | El cliente la exige: sin ella sales del registro de proveedores | Pero no exime de la ley de seguridad: se cumplen las dos | Incumplir la ISO 9001 cuesta el certificado, no una multa | Incumplir la ley cuesta multa, y puede cerrar la obra",oficial
C-SI-SGCSSMA-S3-1,SI-SGCSSMA-S3,IND-SI-SGCSSMA-2,Qué le exige la norma a la alta dirección,,"La norma le pide liderazgo a la alta dirección, no apoyo | Liderar es responder por el sistema, no delegarlo y firmar | La alta dirección rinde cuentas de que el sistema funcione | Tiene que asegurar que la política y los objetivos existan | Y que encajen con hacia dónde va la empresa | Debe poner los recursos: personas, tiempo, equipos y dinero | Comunica por qué importa cumplir los requisitos del cliente | Delegar el sistema en un jefe de área no la libera | Si nadie de arriba lo sostiene, el sistema es papel",oficial
C-SI-SGCSSMA-S3-2,SI-SGCSSMA-S3,IND-SI-SGCSSMA-2,La política de calidad: qué debe contener y cómo se difunde,,"Es el compromiso público de la empresa con la calidad | La firma la máxima autoridad, no un jefe de área | Debe encajar con el propósito y el contexto de la empresa | Sirve de marco: de ella bajan los objetivos de calidad | Incluye el compromiso de cumplir los requisitos aplicables | Y el compromiso de mejorar el sistema de forma continua | Se documenta, se mantiene y se pone a disposición | Se comunica dentro: el trabajador tiene que saber qué dice | Y queda disponible para las partes interesadas que la pidan | Una política que nadie sabe explicar no está comunicada",oficial
C-SI-SGCSSMA-S3-3,SI-SGCSSMA-S3,IND-SI-SGCSSMA-2,Roles y responsabilidades en el sistema de gestión de calidad,,"La alta dirección asigna las responsabilidades y las comunica | Cada proceso tiene a alguien que responde por su resultado | Alguien vela por que el sistema cumpla con la norma | Alguien informa a la dirección cómo se está desempeñando | Alguien responde por que el cliente reciba lo pactado | Asignar es decir quién, no decir «que lo vea el área» | Un encargo sin nombre y sin plazo no es una responsabilidad | Los roles se escriben: en el manual o en el procedimiento",oficial
C-SI-SGCSSMA-S3-4,SI-SGCSSMA-S3,IND-SI-SGCSSMA-2,"De la política a los objetivos: riesgos, oportunidades y metas",,"Un objetivo de calidad baja de un compromiso de la política | Se fija para las funciones y los niveles que hagan falta | Tiene que ser medible: sin indicador no es objetivo | Lleva meta —cuánto— y plazo —para cuándo— | Dice quién responde y con qué recursos se logra | Se planifica: qué se hará, con qué, quién y cuándo | Se evalúan los riesgos que pueden impedir que se cumpla | Y las oportunidades que conviene aprovechar para lograrlo | Se le hace seguimiento y se actualiza si cambia el contexto | «Bajar los retrabajos» no es un objetivo: es una intención",oficial
C-SI-SGCSSMA-S4-1,SI-SGCSSMA-S4,IND-SI-SGCSSMA-2,Qué se planifica antes de implementar el sistema,,"Planificar es decidir qué se hará, quién y para cuándo | Sale de los objetivos de calidad y de sus metas | Se planifica también cómo se va a comprobar el avance | Los cambios en el sistema se planifican, no se improvisan | Antes de cambiar algo se mira a qué más afecta | Y se decide quién asume la responsabilidad del cambio | Sin plan, el sistema depende de que alguien se acuerde",oficial
C-SI-SGCSSMA-S4-2,SI-SGCSSMA-S4,IND-SI-SGCSSMA-2,Los recursos que la norma exige poner,,"Un sistema sin recursos es una declaración de intenciones | Personas: cuántas, con qué competencia y con qué tiempo | La competencia se demuestra: formación, experiencia o evaluación | Infraestructura: equipos, herramientas, locales y software | Ambiente de trabajo: lo físico y también lo social | Recursos de seguimiento y medición: con qué se mide | Y que esos instrumentos estén calibrados y verificados | Conocimiento de la organización: lo que la empresa ya sabe",oficial
C-SI-SGCSSMA-S4-3,SI-SGCSSMA-S4,IND-SI-SGCSSMA-2,Qué es la información documentada y qué exige la norma,,"Información documentada es lo que la empresa escribe y guarda | Cubre dos cosas: lo que dice que hará y lo que hizo | Lo que dice que hará: política, objetivos, procedimientos | Lo que hizo: los registros que prueban que pasó | La norma exige documentar lo necesario, no todo | Cada empresa decide su alcance según tamaño y actividad | Documentar de más cuesta y nadie lo mantiene al día | Documentar de menos deja el resultado a la memoria",oficial
C-SI-SGCSSMA-S4-4,SI-SGCSSMA-S4,IND-SI-SGCSSMA-2,"Cómo se controla: aprobación, versión y acceso",,"Antes de usarse, alguien revisa y aprueba el documento | Cada documento lleva quién lo aprobó y desde cuándo rige | La versión vigente tiene que estar donde se usa el trabajo | Y la versión anterior tiene que salir de circulación | Se controla el acceso: quién puede leer y quién cambiar | Se protege de pérdida, deterioro y uso indebido | Los documentos de fuera también se identifican y controlan | Tres archivos con «_v2» y «_FINAL» no son control de versiones | Incumplir la ISO 9001 cuesta el certificado y el registro de proveedores | Incumplir la ley cuesta multa, y puede parar la obra",oficial
C-SI-SGCSSMA-S5-1,SI-SGCSSMA-S5,IND-SI-SGCSSMA-3,"Por qué la ley obliga, y por qué el papel solo no basta","Lámina de los cinco principios en fichas. El de primacía de la realidad, con su propia lámina: el papel a un lado, la labor al otro.","La Ley 29783 se apoya en nueve principios; el temario oficial pide cinco | Prevención: el empleador GARANTIZA los medios y condiciones, también para quien no tiene vínculo laboral pero está en el centro de labores | Responsabilidad: asume las implicancias económicas y legales del accidente que sufra el trabajador | Cooperación y participación: el sistema no se arma a espaldas del trabajador | Primacía de la realidad: si el documento dice una cosa y el frente de trabajo dice otra, la autoridad se queda con lo que constató en la realidad | Por eso no sirve alegar el certificado ni la auditoría que el cliente aprobó | Y al revés: tener el documento no salva si en la labor no está donde la ley manda | Ese principio es el que decide los dos casos de hoy",oficial
C-SI-SGCSSMA-S5-2,SI-SGCSSMA-S5,IND-SI-SGCSSMA-3,"Los documentos que la ley exige, y el artículo que manda cada uno","Cuadro de una fila por documento: qué es · artículo · desde cuántos trabajadores. Es la lámina que el alumno se lleva. NO se desarrolla ninguno: la línea base es la S6, la política la S7, el comité y el RISST la S8, las capacitaciones la S13, los ocho registros la S14.","Estudio de línea base: art. 37 — la evaluación inicial con la que arranca el sistema | Política de SST: art. 22 — por escrito, en consulta con los trabajadores | Mapa de riesgos: art. 35 e) — elaborado con participación de los trabajadores | Registro de capacitaciones: art. 35 b) — no menos de cuatro al año | Comité de SST desde veinte trabajadores (art. 29); por debajo, supervisor (art. 30) | A los representantes los eligen los trabajadores, no los designa gerencia (art. 31) | Reglamento interno desde veinte trabajadores, con copia a cada uno (arts. 34 y 35 a) | Los ocho registros del sistema: art. 33 del reglamento DS 005-2012-TR | Hoy se UBICA cada documento en su artículo; cada uno tiene su propia sesión más adelante",oficial
C-SI-SGCSSMA-S5-3,SI-SGCSSMA-S5,IND-SI-SGCSSMA-3,"No basta con tenerlo: firmado, entregado, exhibido y guardado","Comparativa de dos columnas: LO QUE HAY frente a LO QUE LA LEY PIDE, fila por documento. Es el punto donde se deciden los dos casos.","Cada documento tiene una condición que lo hace válido, y está en el mismo artículo | La política: fechada y firmada por el empleador o el representante de mayor rango con responsabilidad, difundida y accesible (art. 22) | El reglamento interno: copia a CADA trabajador — el cargo firmado es la prueba (art. 35 a) | El mapa de riesgos exhibido en lugar visible (art. 35 e) y la línea base accesible a todos los trabajadores (art. 37) | Los registros: actualizados y a disposición del trabajador y de la autoridad (art. 28) | Los últimos doce meses van en archivo activo; después pasan a archivo pasivo | Y ahí se guardan veinte años las enfermedades ocupacionales, diez los accidentes e incidentes peligrosos y cinco los demás (art. 35 del reglamento) | Un documento que existe pero está en la carpeta del cliente no cumple",oficial
C-SI-SGCSSMA-S5-4,SI-SGCSSMA-S5,IND-SI-SGCSSMA-3,"Qué pasa si el documento falta, y quién viene a pedirlo","Escalera de consecuencias en cuatro peldaños: acta → multa → paralización → Ministerio Público. Y al costado, en contraste, lo único que puede hacer la certificadora.","Fiscaliza el Sistema de Inspección del Trabajo, hoy SUNAFIL, y sanciona con la Ley 28806 (art. 95) | Puede llegar sin aviso: entre las causas está la denuncia del trabajador (art. 100 c) | Mira el frente de trabajo, no solo la carpeta: toma fotografías, mide y levanta planos (art. 96) | Y pide los documentos con su firma, su fecha y su cargo de entrega | Levanta acta de infracción y con ella abre el procedimiento sancionador (art. 96 g) | La multa la fija la Ley 28806, Ley General de Inspección del Trabajo | Puede ordenar la paralización inmediata por riesgo grave e inminente: se ejecuta en el acto y se sigue pagando el jornal (arts. 96 h y 102) | Si aparecen indicios de delito, remite los hechos al Ministerio Público (art. 99). Incumplir la ISO 45001, en cambio, solo cuesta el certificado",oficial
