observacion_id,curso_id,entidad,ref_id,tipo,estado,descripcion,sustento,decision,aprobado_por
OBS-SI-SGCSSMA-1,SI-SGCSSMA,indicador,IND-SI-SGCSSMA-4,error,corregido,"El sílabo (002A) repite en el 4.º indicador el texto del 3.º —“Explica el Sistema de Gestión de Seguridad y Salud en el Trabajo, considerando la normativa vigente ISO 45001”— mientras sus contenidos son íntegramente de ISO 14001 (gestión ambiental). La triangulación (001A) sí trae el texto correcto: “Explica el Sistema de Gestión Ambiental, considerando la normativa vigente ISO 14001”.","Triangulación Sistemas de gestión (2).docx, fila 4 del cuadro capacidad-indicadores vs SI_2024_Sistema de gestión...(1).docx, tabla Logros de aprendizaje, fila 4. Manda la triangulación (§03 paso 1). Es errata de copia en el documento del estudiante, no reformulación de indicador.","Se restituye en el sílabo v2 el texto correcto del indicador 4: «Explica el Sistema de Gestión Ambiental, considerando la normativa vigente ISO 14001», tal como figura en la triangulación. Corregido en 09_Silabo-v2.docx.","Jorge Canchiz (instructor líder SI), con conocimiento de Walther Alcocer · 2026-08-31"
OBS-SI-SGCSSMA-2,SI-SGCSSMA,evaluación,"IND-SI-SGCSSMA-3, IND-SI-SGCSSMA-4",error,corregido,"La triangulación solo asigna evaluación a los indicadores 1 y 2 (Caso 1 + rúbrica, Caso 2 + rúbrica). Los indicadores 3 (ISO 45001) y 4 (ISO 14001) tienen la celda de evaluación vacía: dos de los cuatro indicadores del curso no se califican en ningún colaborativo.","Triangulación, columna SISTEMA DE EVALUACIÓN, filas 3 y 4 en blanco. §06: cada criterio de rúbrica lleva indicador_id justamente para que ningún indicador quede sin evaluar.","Se reparten los cuatro indicadores en los dos casos: el Caso 1 evalúa IND-1, IND-2 e IND-3; el Caso 2 evalúa IND-1, IND-3 e IND-4. Ningún indicador queda sin evaluar. Registrado en la columna SISTEMA DE EVALUACIÓN de 08_Triangulacion-v2.docx.","Jorge Canchiz (instructor líder SI), con conocimiento de Walther Alcocer · 2026-08-31"
OBS-SI-SGCSSMA-3,SI-SGCSSMA,curso,SI-SGCSSMA,dato,abierto,cursos.csv registra 5 créditos; la triangulación y el sílabo dicen 4 créditos (96 horas en los tres). Las horas coinciden; el crédito no.,"Triangulación: CRÉDITOS 4 / HORAS 96. Sílabo, Información general: “Créditos académicos: 4”. cursos.csv, fila SI-SGCSSMA, columna creditos = 5. cursos.csv es tabla común de las tres carreras: no se edita sin visto bueno.",,
OBS-SI-SGCSSMA-4,SI-SGCSSMA,insumo,paquete P15,faltante,abierto,"La triangulación cita cuatro recursos de evaluación que no llegaron: “2. Caso 1 - Estructura de casos.docx”, “3. Rúbrica - Caso 1.xlsx”, “5. Caso 2 - Estructura de casos.docx” y “6. Rúbrica - Caso 2.xlsx”. Tampoco llegaron los planes de sesión 003A/003B ya redactados, los recursos autónomos ni los bancos de CV/EP/EF.","Triangulación, columna SISTEMA DE EVALUACIÓN. §03 paso 2: antes de proponer nada hay que abrir lo que ya existe; reescribir sin leer produce trabajo que hay que deshacer.",,
OBS-SI-SGCSSMA-5,SI-SGCSSMA,unidad didáctica,"capacidad, IND-1, IND-3",rediseño,aprobado,"Rediseño de la unidad didáctica: el bloque de seguridad y salud deja de apoyarse en la ISO 45001 y pasa a la normativa nacional (Ley 29783, DS 005-2012-TR, DS 024-2016-EM y RM 050-2013-TR). Se reformulan la capacidad y los indicadores 1 y 3, y se reemplazan íntegramente los contenidos del indicador 3.","Ningún curso del programa de Seguridad Industrial dictaba el SGSST legal peruano —línea base, política, comité paritario, RISST, plan y programa anual, capacitaciones, registros obligatorios, investigación de accidentes e índices—. El egresado salía sabiendo ISO 45001 y sin saber armar el sistema que su empleador está obligado por ley a tener. La ISO 45001 se conserva como referencia de contraste en la sesión 5.",Aprobado. Rigen 08_Triangulacion-v2.docx y 09_Silabo-v2.docx desde el 2026-08-31; sustituyen a los documentos de admisiones 2024. Pendiente de forma: aplicar la plantilla institucional al sílabo.,"Walther Alcocer, director de la sede ABQ · a propuesta de Jorge Canchiz · 2026-08-31"
OBS-SI-SGCSSMA-6,SI-SGCSSMA,unidad didáctica,distribución de sesiones,rediseño,aprobado,"Reparto de las 20 sesiones de adquisición en 20 % calidad (4), 60 % seguridad (12) y 20 % medio ambiente (4). En consecuencia, los contenidos de ISO 9001 bajan de 15 a 9 subtemas y los de ISO 14001 de 12 a 11, y el indicador 1 pierde sesiones propias: se aloja en la S1 y la S22.",Decisión del instructor líder de SI: la carrera es de Seguridad Industrial y el reparto anterior daba más peso a calidad que a seguridad. El bloque de seguridad se estructura sobre la RM 050-2013-TR.,Aprobado. Rige 03_Matriz-de-distribucion.xlsx y 02_Reparto-de-sesiones-v2.md.,"Jorge Canchiz (instructor líder SI), con conocimiento de Walther Alcocer · 2026-08-31"
OBS-SI-SGCSSMA-7,SI-SGCSSMA,curso,SI-CTRLOP,deslinde,aprobado,"Deslinde del IPERC entre este curso y Controles operacionales de seguridad. En SI-SGCSSMA el IPERC se explica como exigencia del sistema y por su producto (mapa de riesgos); el método normado (DS 024-2016-EM, anexos 7 y 8) es de SI-CTRLOP. En SI-SGCSSMA no se llena ninguna matriz IPERC, ni en sesión, ni en caso, ni en criterio de rúbrica. SI-SGCSSMA va antes que SI-CTRLOP.","Las triangulaciones de ambos cursos separan por verbo y por marco: SGCSSMA explica (marco ISO y legal); CTRLOP describe la jerarquía de controles y aplica los métodos, sobre normativa nacional. Sin el deslinde escrito, el IPERC se dictaría dos veces.",Aprobado. Consignado en la sesión 9 de la matriz de distribución.,"Jorge Canchiz (instructor líder SI), con conocimiento de Walther Alcocer · 2026-08-31"
OBS-SI-SGCSSMA-8,SI-SGCSSMA,unidad didáctica,"capacidad, IND-1, IND-2, IND-3, IND-4",reformulación,aprobado,"Reformulación de la capacidad y de los cuatro indicadores. La capacidad pasa de «Describir» a «EXPLICAR el proceso de implementación… considerando la normativa vigente ISO». Los cuatro indicadores pasan de «Explica» a «DESCRIBE». El indicador 3 queda como «Describe el Sistema de Gestión de Seguridad y Salud en el Trabajo, considerando la normativa vigente ISO 45001 y la norma nacional vigente»; el indicador 1 vuelve a «considerando las normas ISO».","Corrige la inversión de la escalera de verbos: en la versión anterior los indicadores (explica) estaban por encima de su propia capacidad (describir). Ahora capacidad explicar ≥ indicadores describir. Consecuencia: el techo de verbo del curso baja un peldaño y ninguna sesión, caso ni criterio de rúbrica puede pedir explicar, justificar, demostrar ni proponer.","Aprobado. Se propagó a: 08_Triangulacion-v2.docx, 09_Silabo-v2.docx, 03_Matriz-de-distribucion.xlsx (los 20 aprendizajes esperados reescritos en nivel describir), 05_TC1_Rubrica.xlsx, 06_TC1_Indicaciones.docx, 11_TC2_Indicaciones.docx y 13_TC2_Rubrica.xlsx — 43 sustituciones de verbo en total. Pendiente menor: la capacidad dice «normativa vigente ISO» mientras el indicador 3 incluye la norma nacional.","Walther Alcocer, director de la sede ABQ · a propuesta de Jorge Canchiz · 2026-08-31"
OBS-SI-SGCSSMA-9,SI-SGCSSMA,rúbrica,CASO-SI-SGCSSMA-TC1 · criterio 1,cobertura,aprobado,"El indicador 2 (Gestión de Calidad, ISO 9001) tenía cuatro sesiones de adquisición (S1 a S4) y ningún criterio de rúbrica que lo evaluara. Los seis criterios de contenido de los dos colaborativos se repartían entre IND-1, IND-3 e IND-4.","El nivel Excelente del criterio 1 del TC1 ya evalúa contenido de IND-2: «Distingue la obligación legal del SGSST de la certificación voluntaria de calidad, nombrando la norma que obliga a cada una y la consecuencia de incumplirla». El criterio estaba mal etiquetado, no mal escrito. Sin la corrección, los aprendizajes esperados de S2 a S4 no tributarían a ningún criterio (§13, comprobación 3).","El criterio 1 del TC1 queda etiquetado IND-2 + IND-3. No se modifica su enunciado ni ninguno de sus cuatro niveles de desempeño. Las sesiones S2, S3 y S4 tributan a él.",Jorge Canchiz (instructor líder SI) · 2026-09-01
