sesion_id,curso_id,bloque_id,nro_sesion,tema,tipo_sesion,indicador_id,aprendizaje_esperado,tributa
SI-SGCSSMA-S1,SI-SGCSSMA,SI-SGCSSMA-B1,1,Qué es un SIG y el mapa de las diez cláusulas,adquisicion,IND-SI-SGCSSMA-1,"Describe qué es un sistema integrado de gestión y por qué la ISO 9001, la ISO 14001 y la ISO 45001 pueden integrarse",TC1 · c1
SI-SGCSSMA-S2,SI-SGCSSMA,SI-SGCSSMA-B1,2,Contexto de la organización y partes interesadas · 4.1–4.2,adquisicion,IND-SI-SGCSSMA-1,Describe cómo una organización determina las cuestiones internas y externas que afectan a su sistema y quiénes son sus partes interesadas,TC1 · c1
SI-SGCSSMA-S3,SI-SGCSSMA,SI-SGCSSMA-B1,3,Alcance del sistema y enfoque a procesos · 4.3–4.4,adquisicion,IND-SI-SGCSSMA-1,Describe cómo se define el alcance de un sistema integrado y cómo la organización se representa como un conjunto de procesos,TC1 · c1
SI-SGCSSMA-S4,SI-SGCSSMA,SI-SGCSSMA-B1,4,"Liderazgo, política y roles · 5.1–5.3",adquisicion,IND-SI-SGCSSMA-1,Describe qué le exige la cláusula 5 a la alta dirección y qué debe contener la política del sistema integrado,TC1 · c2
SI-SGCSSMA-S5,SI-SGCSSMA,SI-SGCSSMA-B1,5,Consulta y participación de los trabajadores · 5.4 (45001),adquisicion,IND-SI-SGCSSMA-1,"Describe qué exige la ISO 45001 en consulta y participación de los trabajadores, y con qué órgano se cumple en el Perú",TC1 · c2
SI-SGCSSMA-S6,SI-SGCSSMA,SI-SGCSSMA-B1,6,"Riesgos, peligros y aspectos ambientales · 6.1 (6.1.2: 45001 · 14001)",adquisicion,IND-SI-SGCSSMA-2,"Describe qué identifica cada norma al planificar sobre una misma actividad —peligros y riesgos, aspectos e impactos, riesgos y oportunidades— y en qué orden se controlan",TC1 · c2
SI-SGCSSMA-S7,SI-SGCSSMA,SI-SGCSSMA-B1,7,Requisitos legales y obligaciones de cumplimiento · 6.1.3 (45001 · 14001),adquisicion,IND-SI-SGCSSMA-2,"Describe cómo un sistema identifica, accede y mantiene actualizados sus requisitos legales, cuáles obligan en el Perú y qué trae incumplirlos",TC1 · c2
SI-SGCSSMA-S8,SI-SGCSSMA,SI-SGCSSMA-B1,8,"Objetivos, plan y programa anual · 6.2",adquisicion,IND-SI-SGCSSMA-2,"Describe cómo se formula un objetivo del sistema con su indicador, meta, plazo y responsable, y cómo baja al programa anual que exige el reglamento",TC1 · c3
SI-SGCSSMA-S9,SI-SGCSSMA,SI-SGCSSMA-B1,9,"Recursos, competencia y programa de capacitación · 7.1–7.3",adquisicion,IND-SI-SGCSSMA-2,"Describe qué recursos y qué competencia exige el sistema a las personas, cuándo hay que capacitar a un trabajador y qué diferencia hay entre capacitar y tomar conciencia",TC1 · c3
SI-SGCSSMA-S10,SI-SGCSSMA,SI-SGCSSMA-B1,10,Comunicación e información documentada · 7.4–7.5 · pautas del TC1,adquisicion,IND-SI-SGCSSMA-2,"Describe qué comunica un sistema y a quién, qué diferencia hay entre documento y registro, cuáles son los registros obligatorios en el Perú y cuánto se conservan",TC1 · c2
SI-SGCSSMA-S11,SI-SGCSSMA,SI-SGCSSMA-B1,11,TC1 · sustentación,evaluacion,IND-SI-SGCSSMA-1;IND-SI-SGCSSMA-2,,—
SI-SGCSSMA-S12,SI-SGCSSMA,SI-SGCSSMA-B1,12,TC1 · sustentación,evaluacion,IND-SI-SGCSSMA-1;IND-SI-SGCSSMA-2,,—
SI-SGCSSMA-S13,SI-SGCSSMA,SI-SGCSSMA-B2,13,"Control operacional: estándares, PETS y PETAR · 8.1",adquisicion,IND-SI-SGCSSMA-3,"Describe qué es el control operacional, qué diferencia hay entre un estándar, un PETS y un ATS, y cuándo se exige un permiso para un trabajo de alto riesgo",TC2 · c2
SI-SGCSSMA-S14,SI-SGCSSMA,SI-SGCSSMA-B2,14,Jerarquía de controles y gestión del cambio · 8.1.2–8.1.3 (45001),adquisicion,IND-SI-SGCSSMA-3,"Describe cómo se elige el control de un riesgo aplicando la jerarquía, qué queda como riesgo residual, y qué cambios hay que evaluar antes de hacerlos",TC2 · c2
SI-SGCSSMA-S15,SI-SGCSSMA,SI-SGCSSMA-B2,15,Control operacional en ambiente y en calidad · 8.1,adquisicion,IND-SI-SGCSSMA-3,"Describe cómo se controla un proceso en ambiente y en calidad: de dónde sale el criterio de operación, cómo se controla la producción y qué deja rastro",TC2 · c3
SI-SGCSSMA-S16,SI-SGCSSMA,SI-SGCSSMA-B2,16,Compras y contratación externa · 8.1.4 (45001) · 8.4 (9001),adquisicion,IND-SI-SGCSSMA-3,"Describe qué exige la norma al comprar y al contratar, cómo se evalúa a un proveedor, y qué responsabilidad tiene la empresa principal sobre sus contratistas",TC2 · c1
SI-SGCSSMA-S17,SI-SGCSSMA,SI-SGCSSMA-B2,17,Preparación y respuesta ante emergencias · 8.2 (45001 · 14001),adquisicion,IND-SI-SGCSSMA-3,"Describe qué exige la cláusula 8.2 al preparar la respuesta ante emergencias, a quiénes alcanza según la ley peruana, y para qué sirve el simulacro",TC2 · c2
SI-SGCSSMA-S18,SI-SGCSSMA,SI-SGCSSMA-B2,18,Seguimiento y medición del desempeño · 9.1.1,adquisicion,IND-SI-SGCSSMA-4,"Describe qué se mide en un sistema de gestión, con qué indicadores se mide, y por qué medir solo accidentes no alcanza",TC2 · c1
SI-SGCSSMA-S19,SI-SGCSSMA,SI-SGCSSMA-B2,19,Evaluación del cumplimiento legal y auditoría interna · 9.1.2 (45001 · 14001) · 9.2,adquisicion,IND-SI-SGCSSMA-4,"Describe cómo se evalúa el cumplimiento de los requisitos legales, qué es una auditoría interna y quién puede hacerla según la ley peruana",TC2 · c2
SI-SGCSSMA-S20,SI-SGCSSMA,SI-SGCSSMA-B2,20,Revisión por la dirección · 9.3,adquisicion,IND-SI-SGCSSMA-4,"Describe qué entra y qué sale de una revisión por la dirección, cada cuánto se hace según la ley peruana, y a quién se le comunican sus conclusiones",TC2 · c3
SI-SGCSSMA-S21,SI-SGCSSMA,SI-SGCSSMA-B2,21,"Incidentes, no conformidades y acción correctiva · 10.2",adquisicion,IND-SI-SGCSSMA-4,"Describe qué se hace cuando ocurre un incidente o una no conformidad, qué diferencia hay entre corregir y tomar acción correctiva, y cómo se busca la causa",TC2 · c2
SI-SGCSSMA-S22,SI-SGCSSMA,SI-SGCSSMA-B2,22,Mejora continua e integración documental · 10.1 y 10.3 · pautas del TC2,adquisicion,IND-SI-SGCSSMA-4,"Describe qué es la mejora continua, de dónde salen las entradas que la alimentan, y cómo se integra la documentación de las tres normas en un solo sistema",TC2 · c3
SI-SGCSSMA-S23,SI-SGCSSMA,SI-SGCSSMA-B2,23,TC2 · sustentación,evaluacion,IND-SI-SGCSSMA-3;IND-SI-SGCSSMA-4,,—
SI-SGCSSMA-S24,SI-SGCSSMA,SI-SGCSSMA-B2,24,TC2 · sustentación,evaluacion,IND-SI-SGCSSMA-3;IND-SI-SGCSSMA-4,,—
SI-IMPAMB-S1,SI-IMPAMB,SI-IMPAMB-B1,1,"Aspectos, impactos y controles ambientales",adquisicion,IND-SI-IMPAMB-1,"Describe en qué se diferencia un aspecto ambiental de un impacto ambiental, y sobre cuál de los dos actúa el control que registra la matriz.",TC1 · c1
SI-IMPAMB-S2,SI-IMPAMB,SI-IMPAMB-B1,2,"Identificación de aspectos ambientales: actividad, entrada y salida",adquisicion,IND-SI-IMPAMB-1,"Describe cómo se identifican los aspectos ambientales por las entradas y salidas de la actividad, y qué cambia al descomponerla con más o menos detalle.",TC1 · c1
SI-IMPAMB-S3,SI-IMPAMB,SI-IMPAMB-B1,3,"Condición operativa, tipo de actividad y requisitos legales",adquisicion,IND-SI-IMPAMB-1,"Describe cómo la condición operativa, el tipo de actividad y el requisito legal aplicable cambian el registro de un mismo aspecto en la matriz.",TC1 · c2
SI-IMPAMB-S4,SI-IMPAMB,SI-IMPAMB-B1,4,"Evaluación de impactos: severidad, probabilidad y nivel de impacto",adquisicion,IND-SI-IMPAMB-1,Describe cómo se obtiene el nivel de impacto de un aspecto ambiental a partir de su severidad y su probabilidad.,TC1 · c2
SI-IMPAMB-S5,SI-IMPAMB,SI-IMPAMB-B1,5,Aspectos ambientales significativos por sector productivo,adquisicion,IND-SI-IMPAMB-1,"Describe qué condición hace que un aspecto ambiental se declare significativo, y cómo esa condición cambia entre una operación minera, industrial, de construcción y cementera.",TC1 · c3
SI-IMPAMB-S6,SI-IMPAMB,SI-IMPAMB-B1,6,TC1 · sustentación,evaluacion,IND-SI-IMPAMB-1,,
SI-IMPAMB-S7,SI-IMPAMB,SI-IMPAMB-B2,7,Marco normativo y clasificación de los residuos sólidos,adquisicion,IND-SI-IMPAMB-2,"Describe cómo la ley define y clasifica un residuo sólido en sus dos ejes —peligroso o no peligroso, municipal o no municipal— y qué orden impone la jerarquía de la gestión integral.",TC2 · c1
SI-IMPAMB-S8,SI-IMPAMB,SI-IMPAMB-B2,8,Operaciones del manejo y segregación según la NTP 900.058:2019,adquisicion,IND-SI-IMPAMB-2,"Describe las nueve operaciones del manejo de residuos sólidos, desde la caracterización hasta el transporte, y qué código de colores corresponde al ámbito municipal y cuál al no municipal.",TC2 · c1
SI-IMPAMB-S9,SI-IMPAMB,SI-IMPAMB-B2,9,"Manejo de residuos peligrosos en los sectores industrial, salud y construcción",adquisicion,IND-SI-IMPAMB-2,"Describe cómo se maneja un residuo peligroso no municipal y qué cambia en ese manejo entre el sector industrial, el de salud y el de construcción.",TC2 · c2
SI-IMPAMB-S10,SI-IMPAMB,SI-IMPAMB-B2,10,Régimen especial de gestión y manejo de RAEE,adquisicion,IND-SI-IMPAMB-2,"Describe qué es un RAEE, en qué categorías se clasifica y qué contiene el plan de manejo que exige su régimen especial.",TC2 · c2
SI-IMPAMB-S11,SI-IMPAMB,SI-IMPAMB-B2,11,Infraestructuras de disposición final y empresas operadoras (EO-RS),adquisicion,IND-SI-IMPAMB-2,"Describe en qué se diferencian un relleno sanitario, un relleno de seguridad y un botadero, y qué exige la ley a la empresa operadora que dispone el residuo.",TC2 · c3
SI-IMPAMB-S12,SI-IMPAMB,SI-IMPAMB-B2,12,TC2 · sustentación,evaluacion,IND-SI-IMPAMB-2,,
