sesion,pregunta,a,b,c,d,clave,porque,fuente
S1,¿Qué es un sistema de gestión?,La forma en que una empresa organiza lo que hace para conseguir un resultado a propósito y no por casualidad,"El conjunto de manuales, procedimientos y registros que la empresa archiva","El área de la empresa que se encarga de la calidad, el ambiente y la seguridad",El certificado que emite una certificadora acreditada,a,"Un sistema de gestión es una forma de organizar el trabajo, no un conjunto de documentos ni un área. Los documentos son la evidencia; el certificado es la consecuencia.",Cuadernillo CV1 · 1.1
S1,Una empresa hace bien su trabajo pero no registra nada de lo que hace. ¿Qué le falta para tener un sistema de gestión?,Trabajar más horas y con más personal,Contratar a un consultor externo que la certifique,"Dejar rastro de lo que ya hace, para poder demostrarlo",Cambiar sus procedimientos por otros más exigentes,c,"El sistema no pide trabajar más: pide dejar evidencia. La revisión que se hace y no se firma existe para el trabajo, pero no para el sistema.",Cuadernillo CV1 · 1.1
S1,"¿Qué comparten la ISO 9001, la ISO 14001 y la ISO 45001 por estar escritas sobre la estructura de alto nivel?",El mismo objeto de protección,"Los mismos requisitos, con distinta redacción",El mismo organismo certificador,"El mismo índice, los mismos títulos de cláusula y los mismos términos",d,"La estructura de alto nivel les da índice, títulos y vocabulario comunes. Lo que NO comparten es el objeto: cliente, entorno y trabajador.",Cuadernillo CV1 · 1.2
S1,¿Cuál es el objeto de cada una de las tres normas?,9001 el trabajador · 14001 el cliente · 45001 el entorno,9001 el entorno · 14001 el trabajador · 45001 el cliente,9001 el cliente · 14001 el entorno · 45001 el trabajador,Las tres tienen el mismo objeto: la mejora continua de la empresa,c,"Cada norma protege algo distinto y esa es la única diferencia de fondo entre ellas: la 9001 al cliente, la 14001 al entorno y la 45001 al trabajador.",Cuadernillo CV1 · 1.2
S1,"¿Cuántas cláusulas de la norma son auditables, y cuáles?","Las diez, de la 1 a la 10",Siete: de la cláusula 4 a la 10,Seis: de la cláusula 5 a la 10,Cuatro: de la cláusula 4 a la 7,b,"Las cláusulas 1, 2 y 3 describen la norma; los requisitos empiezan en la 4 y llegan a la 10. Son siete cláusulas auditables.",Cuadernillo CV1 · 1.3
S1,"¿Por qué las cláusulas 1, 2 y 3 no se auditan?",Porque son opcionales para las empresas pequeñas,"Porque las audita solo la certificadora, no el auditor interno",Porque no le exigen nada a la empresa: describen la norma misma,Porque se auditan únicamente en la primera certificación,c,"Objeto, referencias normativas y términos no imponen obligaciones a la organización. Sin obligación no hay evidencia posible, y sin evidencia no hay auditoría.",Cuadernillo CV1 · 1.3 · Video V-001 · 00:30 · anexo A
S1,"En el ciclo PHVA, ¿qué cláusula corresponde a la fase HACER?","Las cláusulas 4, 5, 6 y 7","La cláusula 8, la operación","La cláusula 9, la evaluación del desempeño","La cláusula 10, la mejora",b,"Planificar son las cláusulas 4 a 7; Hacer es una sola, la 8; Verificar la 9 y Actuar la 10.",Cuadernillo CV1 · 1.4
S1,En una reunión de trinorma alguien dice «el 8.2». ¿Por qué es una cita incorrecta?,Porque las cláusulas siempre se citan con tres niveles de numeración,Porque el 8.2 no existe en ninguna de las tres normas,Porque la cláusula 8 no se audita,"Porque el 8.2 es emergencias en la 45001 y la 14001, pero requisitos para los productos y servicios en la 9001",d,"En el tercer nivel y en la cláusula 8 las normas se separan. Por eso se cita el asunto y después el número, y se aclara la norma cuando la cláusula no está en las tres.",Cuadernillo CV1 · 1.5
S2,¿Qué exige la cláusula 4.1?,Documentar el organigrama y las funciones de cada área,Determinar las cuestiones internas y externas que afectan a la capacidad del sistema de lograr lo que se propuso,Identificar los peligros y evaluar los riesgos de cada puesto,Definir la política y los objetivos del sistema,b,La 4.1 es la primera exigencia de la norma y llega antes que la política y que los objetivos: pide entender qué condiciona a la empresa.,Cuadernillo CV1 · 2.1
S2,¿Cada cuánto se determina el contexto de la organización?,"Una sola vez, al implementar el sistema","Cada tres años, coincidiendo con la recertificación","Se revisa cuando algo cambia: un cliente nuevo, una sede nueva, una norma nueva",Solo cuando lo solicita el auditor externo,c,"El contexto no se determina una vez y se archiva. Si el contexto cambió y el sistema no, el sistema quedó describiendo una empresa que ya no existe.",Cuadernillo CV1 · 2.1
S2,¿Cuál de estas es una cuestión INTERNA del contexto?,Las exigencias del cliente principal,La fiscalización de la autoridad,Las condiciones climáticas de la zona,La rotación del personal y su nivel de competencia,d,"Las internas son las de la puerta para adentro: personal, equipos, cultura, situación económica y organización. Cliente, autoridad y clima son externas.",Cuadernillo CV1 · 2.2
S2,"¿Qué añade la ISO 14001 al determinar las cuestiones externas, que las otras dos normas no piden?",Las condiciones ambientales que la empresa recibe del entorno,El listado de proveedores críticos,La situación financiera de la organización,El resultado de la última auditoría interna,a,"La 14001 mira en los dos sentidos: lo que la empresa le hace al ambiente y lo que el ambiente le hace a ella —calidad del aire de la zona, estado del río, sequía—.",Cuadernillo CV1 · 2.2
S2,"Al listar las cuestiones del contexto, ¿cuál es el filtro que decide si una entra?",Que esté escrita en el plan estratégico de la empresa,Que la empresa la pueda controlar directamente,Que pueda impedir que el sistema logre lo que se propuso,Que aparezca en el informe anual del sector,c,"Se buscan las cuestiones que AFECTAN al sistema, no todas las que existen. Muchas cuestiones reales no cambian nada de cómo la empresa opera.",Cuadernillo CV1 · 2.2
S2,"¿Quién es una parte interesada, según la definición de la norma?",Únicamente el cliente y la autoridad fiscalizadora,"Quien afecta al sistema, quien resulta afectado por él, o quien percibe que resulta afectado",Cualquier persona u organización que tenga un contrato firmado con la empresa,Los accionistas y la alta dirección de la organización,b,Son tres condiciones y basta con una. La tercera —percibir que se resulta afectado— es la que más se olvida.,Cuadernillo CV1 · 2.3
S2,"Una comunidad cree que la planta le contamina el pozo, pero los análisis salen limpios. ¿Es parte interesada?","No, porque los análisis demuestran que no resulta afectada","No, mientras no presente un reclamo formal ante la autoridad","Sí, porque percibir que se resulta afectado basta para serlo",Solo si la empresa está certificada en ISO 14001,c,La definición incluye a quien percibe que resulta afectado. Esa percepción es un hecho del contexto y el sistema tiene que hacerse cargo de ella.,Cuadernillo CV1 · 2.3
S2,¿Cuándo una expectativa de una parte interesada se convierte en requisito del sistema?,Siempre: toda expectativa detectada obliga a la empresa,"Cuando la ley la impone, cuando se firma en un contrato, o cuando la empresa se compromete",Cuando la parte interesada la presenta por escrito,Cuando el auditor externo la incorpora al informe,b,"No toda expectativa se vuelve requisito: solo la que la empresa adopta, y son tres los motivos por los que la adopta.",Cuadernillo CV1 · 2.4
S3,¿Por qué elementos se define el alcance del sistema de gestión?,Por número de trabajadores y facturación anual,Por las normas en las que la empresa se certifica,"Por procesos, productos, servicios, sedes y actividades",Por las cláusulas de la norma que la empresa decide aplicar,c,El alcance es la frontera del sistema y es la frase que aparece en el certificado. La cláusula 4.3 lo pide documentado y disponible.,Cuadernillo CV1 · 3.1
S3,"Una empresa quiere excluir del alcance el mantenimiento que hace a diario en la planta del cliente, porque le resulta incómodo auditarlo. ¿Puede?",Sí: el alcance lo define libremente la organización,"Sí, si lo declara por escrito en el manual del sistema","No: dejar algo fuera hay que justificarlo, y la incomodidad no es justificación","No, salvo que el cliente lo autorice por escrito",c,"El alcance no se elige por conveniencia: al determinarlo hay que considerar el contexto, los requisitos de las partes interesadas y las actividades que se realizan.",Cuadernillo CV1 · 3.1
S3,¿Qué le ocurre a una actividad que queda fuera del alcance?,Deja de realizarse hasta que se incorpore al sistema,Se audita con menor frecuencia que el resto,Pasa a ser responsabilidad exclusiva del contratista,No se audita y sus peligros y aspectos ambientales no los gestiona el sistema,d,"Lo que queda fuera no deja de existir: deja de estar cubierto. Nadie identificó sus peligros, nadie decidió controles y el cliente que audita no la ve.",Cuadernillo CV1 · 3.2
S3,Un taller quedó fuera del alcance del sistema y un mecánico se quema trabajando allí. ¿Qué pasa con la responsabilidad legal de la empresa?,"Se mantiene íntegra: el alcance limita el sistema de gestión, no la obligación legal","Desaparece, porque la actividad no formaba parte del sistema certificado","Se traslada al jefe del taller, por ser el responsable directo",Queda suspendida hasta que la certificadora se pronuncie,a,"El alcance es una frontera del sistema de gestión. La ley alcanza a todos los trabajadores de la empresa, estén dentro o fuera de esa frontera.",Cuadernillo CV1 · 3.2
S3,¿Qué tres cosas tiene siempre un proceso?,"Un presupuesto, un plazo y un indicador","Un responsable, unos recursos y un resultado que se puede medir","Un procedimiento escrito, un registro y un auditor asignado","Una entrada, un cliente externo y un certificado",b,"Un proceso convierte una entrada en una salida, y para gestionarlo hay que poder señalar quién responde, con qué cuenta y qué resultado entrega.",Cuadernillo CV1 · 3.3
S3,¿Qué significa que los procesos se enlazan?,Que todos dependen del área de gestión del sistema,Que comparten el mismo responsable,Que la salida de un proceso es la entrada del siguiente,Que se auditan siempre en el mismo orden,c,"Compras entrega material y producción lo recibe. Cuando producción falla por material equivocado, el problema no está donde se ve: está un paso antes.",Cuadernillo CV1 · 3.3
S3,¿Qué familia del mapa de procesos entrega el producto o el servicio al cliente?,Los procesos de dirección,Los procesos operativos,Los procesos de apoyo,Los procesos de mejora,b,Los operativos van al centro porque son los que tocan al cliente; los de dirección gobiernan y los de apoyo sostienen.,Cuadernillo CV1 · 3.4
S3,"En la mayoría de las empresas, ¿qué tipo de proceso es seguridad y salud en el trabajo?","Un proceso operativo, porque entrega valor al cliente","Un proceso de dirección, porque depende de la alta gerencia","Un proceso de apoyo, porque sostiene a los que entregan el servicio",No es un proceso: es un requisito legal externo al mapa,c,"Seguridad no entrega el servicio al cliente, sostiene a quien lo entrega, igual que mantenimiento o compras. Que sea de apoyo no lo hace menos importante.",Cuadernillo CV1 · 3.4
S4,La cláusula 5.1 pide que la alta dirección asuma la rendición de cuentas por la eficacia del sistema. ¿Puede delegarla en el jefe de seguridad?,"Sí, si lo designa formalmente como representante de la dirección","Sí, siempre que se registre en el manual del sistema","No: puede delegar la ejecución, pero no la rendición de cuentas",Solo puede delegarla en empresas de más de cien trabajadores,c,"El liderazgo no se cumple delegando. La dirección responde por que el sistema logre lo que se propuso, y esa responsabilidad no se traslada.",Cuadernillo CV1 · 4.1
S4,¿Dónde se comprueba de verdad que la dirección puso los recursos que exige la cláusula 5.1?,En el acta de la última revisión por la dirección,En el presupuesto asignado al sistema,En el discurso de la dirección durante la inducción,En la política firmada y publicada,b,"Un sistema sin partida presupuestal es un sistema que la dirección no respalda. El compromiso se ve en los recursos, no en la declaración.",Cuadernillo CV1 · 4.1
S4,"¿Qué obligación añade la ISO 45001 al liderazgo, que no está en las otras dos normas?",Certificar a la alta dirección como auditor interno,Nombrar un representante de la dirección para el sistema,Publicar los indicadores de accidentabilidad en la memoria anual,"Proteger de represalias a quien reporta incidentes, peligros o riesgos",d,"Un trabajador que sabe que reportar le va a costar el puesto no reporta, y la empresa se queda ciega. Por eso la 45001 lo pone como obligación de la dirección.",Cuadernillo CV1 · 4.1
S4,¿Cuál de estos compromisos NO es obligatorio en la política de las tres normas?,Cumplir los requisitos legales aplicables,La mejora continua del sistema,"Que la política sea apropiada al propósito, tamaño y contexto de la organización",Alcanzar la certificación en un plazo determinado,d,"Los tres primeros son contenido obligatorio de la cláusula 5.2. Certificarse es una decisión comercial de la empresa, no un requisito de la norma.",Cuadernillo CV1 · 4.2
S4,"Según el artículo 22 de la Ley 29783, ¿cómo se hace efectiva la política de seguridad y salud?",Con la firma o endoso del empleador o del representante de mayor rango con responsabilidad en la organización,"Con la aprobación del comité de seguridad y salud en el trabajo, en acta",Con la firma del jefe del servicio de seguridad y salud,Con su registro ante la autoridad administrativa de trabajo,a,El artículo 22 usa esa fórmula exacta. Una política firmada por el jefe de seguridad no está mal redactada: está sin hacer efectiva.,"Ley 29783, art. 22 — §15 verificado · cuadernillo 4.3"
S4,"Una empresa tiene su política enmarcada en el pasillo principal. Un operario, preguntado por el auditor, contesta que «está junto al reloj». ¿Se cumple el requisito de difusión?",Sí: la política está disponible y visible para todos,"Sí, si además está publicada en el mural de cada área",No: difundida significa que cada uno sabe qué le toca a él de esa política,"No, porque la política debe entregarse impresa a cada trabajador",c,"Enmarcada en la pared no es difundida. La prueba del auditor es exactamente esa pregunta, y esa respuesta la falla.",Cuadernillo CV1 · 4.3
S4,"Una empresa integrada firma una sola política para calidad, ambiente y seguridad, y se olvida del compromiso de eliminar los peligros. ¿Qué ocurre?","Nada, porque la política integrada solo necesita cubrir los compromisos comunes","Incumple la ISO 45001, aunque cumpla las otras dos",Debe separar la política en tres documentos distintos,"Incumple las tres normas, porque la política es un requisito común",b,"Se puede firmar una sola política, pero obliga a cubrir los compromisos de las tres. El auditor de cada norma busca los suyos dentro de esa única hoja.",Cuadernillo CV1 · 4.4
S4,«El área de operaciones es responsable de la gestión de contratistas.» ¿Por qué esto no cumple la cláusula 5.3?,Porque la responsabilidad debe recaer siempre en el área de seguridad,Porque la responsabilidad no puede asignarse a un área operativa,Porque falta indicar el plazo de cumplimiento,"Porque asignar es poner nombre: un área no responde, responde una persona",d,"Una casilla del organigrama no es un responsable. Cuando falla, no hay a quién preguntarle. Y junto al encargo hay que dar la autoridad para ejecutarlo.",Cuadernillo CV1 · 4.5
S5,"¿En qué norma existe la cláusula 5.4, consulta y participación de los trabajadores?","En las tres, con el mismo número",Solo en la ISO 45001,En la ISO 45001 y en la ISO 14001,En la ISO 9001 y en la ISO 45001,b,"Es la cláusula que mejor distingue a la 45001: en calidad el que arriesga es el cliente y en ambiente el entorno, pero aquí el que se juega la salud es el trabajador.",Cuadernillo CV1 · 5.1
S5,"En una charla se anuncia al personal el procedimiento de bloqueo ya aprobado por la gerencia. ¿Qué es eso, según la cláusula 5.4?","Consulta, porque se comunica a los trabajadores antes de aplicarlo","Participación, porque los trabajadores lo van a ejecutar",Es informar: la decisión ya estaba tomada,"Consulta y participación a la vez, si se recogen preguntas al final",c,Consultar es pedir la opinión ANTES de decidir; participar es intervenir EN la decisión; informar es avisar DESPUÉS. Informar no cumple la cláusula.,Cuadernillo CV1 · 5.2 · Video V-001 · 05:36 · anexo A
S5,¿A quiénes se dirige especialmente la CONSULTA que pide la ISO 45001?,A los mandos medios y jefes de área,"Al comité de seguridad y salud, exclusivamente","A los trabajadores no directivos, que son los que hacen la tarea",A los representantes de la alta dirección,c,La consulta apunta sobre todo a los trabajadores no directivos; la participación se abre a todos los niveles. El que conoce el peligro real de la tarea es quien la ejecuta.,Cuadernillo CV1 · 5.2 · Video V-001 · 05:52 · anexo A
S5,"La jefatura decide en oficina qué EPP usará el soldador, sin preguntarle. ¿Qué requisito incumple?",Ninguno: la determinación del EPP es potestad del empleador,El de competencia y formación de la cláusula 7.2,El de comunicación de la cláusula 7.4,El de consulta: la determinación de controles es asunto de consulta obligatoria,d,"La identificación de peligros, la evaluación de riesgos y la determinación de los controles están entre los asuntos que la norma enumera como de consulta.",Cuadernillo CV1 · 5.3
S5,Una empresa tiene 26 trabajadores. ¿Qué órgano de participación le corresponde y con qué artículo?,"Un supervisor de seguridad y salud, artículo 30 de la Ley 29783","Un comité de seguridad y salud en el trabajo, artículo 29 de la Ley 29783","Un comité o un supervisor, a elección del empleador",Ninguno: la obligación empieza a partir de cincuenta trabajadores,b,El artículo 29 fija el umbral en veinte o más trabajadores. Con veinte exactos ya corresponde comité.,"Ley 29783, art. 29 — §15 verificado · cuadernillo 5.4"
S5,¿Qué significa que el comité de seguridad y salud sea paritario?,Que sus miembros son elegidos por votación secreta,Que se renueva por mitades cada año,Que lo integran igual número de representantes del empleador y de los trabajadores,Que sus acuerdos se toman por mayoría simple,c,"Paritario es mitad y mitad: si el empleador pone cuatro, los trabajadores ponen cuatro. Está pensado para que ninguna de las dos partes decida sola.","Ley 29783, art. 29 — §15 verificado · cuadernillo 5.4"
S5,"En una empresa de doce trabajadores, ¿quién designa al supervisor de seguridad y salud?","La gerencia general, entre el personal con más antigüedad","El jefe de seguridad, con el visto bueno de la gerencia",Lo nombran los propios trabajadores,"La autoridad administrativa de trabajo, a solicitud de la empresa",c,"El artículo 30 lo dice: en empresas de menos de veinte trabajadores, son los propios trabajadores quienes nombran al supervisor. No lo designa la gerencia.","Ley 29783, art. 30 — §15 verificado · cuadernillo 5.4"
S5,"El comité se reunió y trató varios temas, pero no levantó acta. ¿Qué consecuencia tiene?","Ninguna, si los acuerdos se comunicaron por correo","Para el sistema, la reunión no existe: el acta es la prueba de la consulta",Debe repetirse la reunión dentro de las 48 horas siguientes,El acta puede reemplazarse por la lista de asistencia firmada,b,"Sin acta no hay evidencia ante el cliente que audita, ante el inspector que fiscaliza ni ante la propia empresa seis meses después.",Cuadernillo CV1 · 5.5
S5,La cláusula 5.4 obliga a hacer algo con los obstáculos que impiden participar. ¿Qué?,Registrarlos en el informe anual del comité,Comunicarlos a la autoridad de trabajo,"Identificarlos y eliminarlos, y minimizar los que no se puedan eliminar",Trasladarlos a la revisión por la dirección para su evaluación,c,"Son obstáculos reales: horarios que dejan fuera al turno de noche, documentos en un lenguaje que la gente no maneja, participar sin que nadie pague esas horas, y las represalias.",Cuadernillo CV1 · 5.5
S6,"Sobre una misma tarea de pintado con pistola, ¿qué identifica cada norma en la cláusula 6.1?","Las tres identifican peligros y riesgos, con distinto nivel de detalle","La 45001 peligros y riesgos, la 14001 aspectos e impactos, la 9001 riesgos y oportunidades para la conformidad","La 45001 aspectos e impactos, la 14001 peligros y riesgos, la 9001 no aplica",Solo la 45001 y la 14001 tienen cláusula 6.1; la 9001 no la incluye,b,"Es una sola tarea analizada tres veces, con tres lentes. Las tres normas tienen la 6.1 y con el mismo número.",Cuadernillo CV1 · 6.1
S6,¿Cuál es la diferencia entre peligro y riesgo?,El peligro es leve y el riesgo es grave,El peligro afecta al trabajador y el riesgo a la empresa,El peligro es la fuente con potencial de causar daño; el riesgo combina qué tan probable y qué tan grave sería,Son sinónimos: la norma usa los dos términos indistintamente,c,"El peligro está ahí, exista o no alguien expuesto. El riesgo se estima. Por eso el peligro está y el riesgo se calcula.",Cuadernillo CV1 · 6.2 · Video V-001 · 07:55 · anexo A
S6,"Un electricista certificado con bloqueo y guantes dieléctricos, y un ayudante que abre la tapa con un desarmador, trabajan sobre el mismo tablero. ¿Qué se puede afirmar?","Mismo peligro y mismo riesgo, porque la fuente es la misma","Distinto peligro, porque cada uno usa herramientas distintas","Mismo peligro, pero riesgos muy distintos según quién y cómo haga la tarea",No hay peligro si el trabajador está certificado,c,"La misma fuente da riesgos distintos según quién y cómo haga la tarea. Por eso evaluar es distinguir: si todo sale riesgo alto, la evaluación no priorizó nada.",Cuadernillo CV1 · 6.2 · Video V-001 · 07:55 · anexo A
S6,Se derrama aceite en el patio de maniobras y el suelo queda contaminado. ¿Cuál es el aspecto y cuál el impacto?,Aspecto: el suelo contaminado · Impacto: el derrame de aceite,Aspecto: el derrame de aceite · Impacto: el suelo contaminado,Los dos son aspectos: el impacto sería la sanción de la autoridad,Los dos son impactos: el aspecto sería el almacenamiento del aceite,b,"El aspecto es lo que nuestra actividad le hace al ambiente y sale de la empresa; el impacto es el cambio que ese aspecto produce en el entorno. Primero el aspecto, después el impacto.",Cuadernillo CV1 · 6.3
S6,"Según el DS 024-2016-EM, ¿cuántos tipos de IPERC existen y cuáles?","Tres: de línea base, continuo y específico",Dos: de línea base (art. 97) y continuo (art. 95),"Dos: continuo y específico, ambos en el artículo 95","Uno solo: el IPERC de línea base, que se actualiza cada año",b,"La norma nombra dos. El «IPERC específico» que se enseña en muchos cursos no aparece en estos artículos: si una empresa lo usa, es práctica suya.","DS 024-2016-EM, arts. 95 y 97 — §15 verificado · cuadernillo 6.4"
S6,¿Quién elabora el IPERC continuo y en qué momento?,"El área de seguridad, al inicio de cada mes","El titular minero, y se actualiza anualmente","Los trabajadores, al inicio de toda tarea; la supervisión ratifica o modifica","La supervisión responsable, antes de entregar la tarea al personal",c,"El artículo 95 es explícito: lo hacen los trabajadores al inicio de la tarea y la supervisión responsable lo ratifica o modifica, no lo hace en su lugar.","DS 024-2016-EM, art. 95 — §15 verificado · cuadernillo 6.4"
S6,"El mapa de riesgos, según el artículo 97 del DS 024-2016-EM, ¿de dónde sale?",De la estadística de accidentes de los últimos tres años,Del IPERC continuo que los trabajadores llenan cada día,"Se elabora sobre la línea base del IPERC, y ambos forman parte del Programa Anual",Lo elabora la autoridad minera a partir de las inspecciones realizadas,c,"El artículo 97 encadena las tres cosas: línea base según el Anexo 8, mapa de riesgos sobre esa línea base, y los dos dentro del Programa Anual de SSO. La línea base se actualiza cada año.","DS 024-2016-EM, art. 97 — §15 verificado · cuadernillo 6.4"
S6,¿Cuál es el orden de la jerarquía de controles del artículo 96 del DS 024-2016-EM?,EPP · controles administrativos · ingeniería · sustitución · eliminación,Eliminación · sustitución · controles de ingeniería · señalización y controles administrativos · EPP,Eliminación · controles de ingeniería · sustitución · EPP · controles administrativos,Ingeniería · eliminación · sustitución · EPP · señalización,b,"Son cinco niveles y son un orden, no una lista de opciones: se empieza por arriba y solo se baja cuando el nivel superior no es viable.","DS 024-2016-EM, art. 96 — §15 verificado · cuadernillo 6.5"
S6,"Tras un incidente, la única acción correctiva es redactar un PETS y capacitar al personal. ¿Cómo se evalúa esa decisión frente a la jerarquía de controles?",Es correcta: un PETS es el control más eficaz porque documenta la tarea,Es incorrecta: un procedimiento no es un control según el artículo 96,Es correcta si el personal firma la capacitación,"Es insuficiente: el PETS es un control administrativo, nivel 4, y hay que justificar por qué no se aplicó uno más alto",d,"Un PETS SÍ es un control y la norma lo dice con esas palabras en el nivel 4, pero es el penúltimo. Escribir un procedimiento en vez de eliminar el peligro es saltarse la jerarquía.","DS 024-2016-EM, art. 96 — §15 verificado · cuadernillo 6.5"
