curso_id,carrera,sigla,modulo,ciclo,unidad_competencia,nombre_curso,tipo,creditos,horas_total,horas_sinc,horas_asinc,nro_sesiones,nro_bloques,prerequisito,perfil_docente
EOM-MINPET,Exploración y Operación Minera,EOM,Módulo 1: Reconocimiento geológico,I,UC01,Mineralogía y petrología,TP,2,48,36,12,12,2,,
EOM-CART,Exploración y Operación Minera,EOM,Módulo 1: Reconocimiento geológico,I,UC01,Cartografía geológica y geomecánica,TP,2,48,36,12,12,2,,
EOM-PROSP,Exploración y Operación Minera,EOM,Módulo 1: Reconocimiento geológico,I,UC01,Prospección y exploración geológica,TP,2,48,36,12,12,2,,
EOM-GEOYAC,Exploración y Operación Minera,EOM,Módulo 1: Reconocimiento geológico,I,UC01,Geología de yacimientos minerales,TP,2,48,36,12,12,2,,
EOM-METEXP,Exploración y Operación Minera,EOM,Módulo 2: Monitoreo de perforación y voladura,II,UC02,Métodos de explotación,TP,2,48,36,12,12,2,Geología de yacimientos minerales,"Ing. Geólogo o técnico titulado en Geología y exploración; 5 años de experiencia en exploraciones y geología de mina; 3 años de docencia en Mineralogía, Petrología y Geología de campo."
EOM-FMEQ,Exploración y Operación Minera,EOM,Módulo 2: Monitoreo de perforación y voladura,II,UC02,Fundamentos mecánicos de equipos mineros,TP,2,48,36,12,12,2,,
EOM-SOST,Exploración y Operación Minera,EOM,Módulo 2: Monitoreo de perforación y voladura,II,UC02,Sostenimiento de labores mineras,TP,2,48,36,12,12,2,,
EOM-EQPERF,Exploración y Operación Minera,EOM,Módulo 2: Monitoreo de perforación y voladura,II,UC02,Equipos y accesorios de perforación,TP,5,96,72,24,24,2,,
EOM-EXPLOS,Exploración y Operación Minera,EOM,Módulo 2: Monitoreo de perforación y voladura,II,UC02,Explosivos y accesorios de voladura,TP,5,96,72,24,24,2,,
EOM-EQTRANS,Exploración y Operación Minera,EOM,Módulo 3: Monitoreo de transporte mina,III,UC03,Equipos de transporte mina,TP,5,96,72,24,24,2,,
EOM-PROD,Exploración y Operación Minera,EOM,Módulo 3: Monitoreo de transporte mina,III,UC03,Productividad minera,TP,2,48,36,12,12,2,,
SI-MONQB,Seguridad Industrial,SI,Módulo 1: Monitoreo de agente ocupacional,I,UC01,Monitoreo ocupacional de agentes químicos y biológicos,TP,2,48,36,12,12,2,,
SI-MONFIS,Seguridad Industrial,SI,Módulo 1: Monitoreo de agente ocupacional,I,UC01,Monitoreo ocupacional de agentes físicos,TP,2,48,36,12,12,2,,
SI-ERGO,Seguridad Industrial,SI,Módulo 1: Monitoreo de agente ocupacional,I,UC01,Métodos para la evaluación ergonómica de puestos de trabajo,TP,2,48,36,12,12,2,,
SI-EQHIG,Seguridad Industrial,SI,Módulo 1: Monitoreo de agente ocupacional,I,UC01,Equipos e instrumentos de higiene ocupacional y evaluaciones ergonómicas,TP,2,48,36,12,12,2,,
SI-SGCSSMA,Seguridad Industrial,SI,"Módulo 2: Implementación de sistemas de seguridad, salud, medio ambiente y calidad",II,UC02,"Sistema de gestión de calidad, seguridad, salud y medio ambiente",TP,5,96,72,24,24,2,,
SI-IMPAMB,Seguridad Industrial,SI,"Módulo 2: Implementación de sistemas de seguridad, salud, medio ambiente y calidad",II,UC02,Controles de impactos ambientales,TP,2,48,36,12,12,2,,
SI-CTRLOP,Seguridad Industrial,SI,"Módulo 2: Implementación de sistemas de seguridad, salud, medio ambiente y calidad",II,UC02,Controles operacionales de seguridad en el trabajo,TP,5,96,72,24,24,2,,
SI-ALTORIESGO,Seguridad Industrial,SI,"Módulo 2: Implementación de sistemas de seguridad, salud, medio ambiente y calidad",II,UC02,Trabajos de alto riesgo,TP,2,48,36,12,12,2,,
SI-INCEND,Seguridad Industrial,SI,"Módulo 2: Implementación de sistemas de seguridad, salud, medio ambiente y calidad",II,UC02,Prevención y protección contra incendios,TP,2,48,36,12,12,2,,
SI-SUSTPEL,Seguridad Industrial,SI,"Módulo 2: Implementación de sistemas de seguridad, salud, medio ambiente y calidad",II,UC02,Manejo de sustancias peligrosas,TP,2,48,36,12,12,2,,
SI-PRIMAUX,Seguridad Industrial,SI,"Módulo 2: Implementación de sistemas de seguridad, salud, medio ambiente y calidad",II,UC02,Primeros auxilios,TP,2,48,36,12,12,2,,
SI-BUSRESC,Seguridad Industrial,SI,"Módulo 2: Implementación de sistemas de seguridad, salud, medio ambiente y calidad",II,UC02,Operación de búsqueda y rescate,TP,5,96,72,24,24,2,,
PM-MAT,Procesos Metalúrgicos,PM,Módulo 1: Operación de plantas de conminución de minerales,I,UC01,Matemática aplicada,TP,2,48,36,12,12,2,,
PM-QUI,Procesos Metalúrgicos,PM,Módulo 1: Operación de plantas de conminución de minerales,I,UC01,Química aplicada,TP,2,48,36,12,12,2,,
PM-MIN,Procesos Metalúrgicos,PM,Módulo 1: Operación de plantas de conminución de minerales,I,UC01,Mineralogía,TP,2,48,36,12,12,2,,
PM-CON,Procesos Metalúrgicos,PM,Módulo 1: Operación de plantas de conminución de minerales,I,UC01,Conminución de minerales,TP,5,96,72,24,24,2,,
PM-COM,Procesos Metalúrgicos,PM,Módulo 1: Operación de plantas de conminución de minerales,I,UC01,Computación aplicada,TP,2,48,36,12,12,2,,
PM-LIX,Procesos Metalúrgicos,PM,Módulo 2: Operación de procesos de concentración de minerales y purificación de soluciones,II,UC02,Lixiviación de minerales,TP,5,96,72,24,24,2,,
PM-FLOT,Procesos Metalúrgicos,PM,Módulo 2: Operación de procesos de concentración de minerales y purificación de soluciones,II,UC02,Flotación de minerales,TP,5,96,72,24,24,2,,
PM-SEPSL,Procesos Metalúrgicos,PM,Módulo 2: Operación de procesos de concentración de minerales y purificación de soluciones,II,UC02,Operación de separación sólido - líquido y disposición de relaves,TP,2,48,36,12,12,2,,
PM-FMPLANTA,Procesos Metalúrgicos,PM,Módulo 2: Operación de procesos de concentración de minerales y purificación de soluciones,II,UC02,Fundamentos mecánicos de planta,TP,2,48,36,12,12,2,,
PM-PURIF,Procesos Metalúrgicos,PM,Módulo 3: Operación de procesos de precipitación del metal por electroobtención,III,UC03,Operaciones de purificación,TP,5,96,72,24,24,2,,
PM-ELECTRO,Procesos Metalúrgicos,PM,Módulo 3: Operación de procesos de precipitación del metal por electroobtención,III,UC03,Electroobtención,TP,2,48,36,12,12,2,,
PM-INSTRUM,Procesos Metalúrgicos,PM,Módulo 3: Operación de procesos de precipitación del metal por electroobtención,III,UC03,Fundamentos de instrumentación,TP,2,48,36,12,12,2,,
