equipo,carrera,vista,carpeta,referencia,control,tam,origen,descripcion_vista,partes,solo_calidad,tipo,salida,medida,pt_minimo,rotulos,pie
jumbo,EOM,perfil,EOM/equipos/jumbo-boomer-s1,jumbo_vector_pdf.png,3.9,,cotas oficiales del catalogo (11040 x 2828 mm),Es la vista de perfil: el equipo visto de costado.,"chasis articulado, DOS ruedas, cabina, brazo (boom), viga de avance y perforadora al frente",,equipo,,saturacion,,,
jumbo,EOM,planta,EOM/equipos/jumbo-boomer-s1,jumbo_planta_referencia.png,1.31,,nuestra silueta ya verificada,"Es la vista en planta: el equipo visto desde arriba, con el brazo y la viga extendidos al frente.","chasis articulado visto desde arriba, brazo y viga de avance extendidos al frente, y SOLO las ruedas que el dibujo original deja ver (si la carroceria tapa alguna, no la agregues)",,equipo,,saturacion,,,
scooptram,EOM,perfil,EOM/equipos/scooptram-st14,scooptram_perfil_referencia.png,4.18,,cotas oficiales del catalogo (10865 x 2601 mm),Es la vista de perfil: el equipo visto de costado.,"chasis articulado, DOS ruedas, cabina transversal, brazo y cuchara al frente",,equipo,,saturacion,,,
scooptram,EOM,planta,EOM/equipos/scooptram-st14,scooptram_planta_referencia.png,1.57,,nuestra silueta ya verificada,"Es la vista en planta: el equipo visto desde arriba, con el chasis doblado.","chasis articulado DOBLADO visto desde arriba, cuchara al frente, y SOLO las ruedas que el dibujo original deja ver (las traseras van tapadas por la carroceria: no las agregues)",,equipo,,saturacion,,,
cono,PM,corte,PM/equipos/chancadora-cono-hp,hp_corte_referencia.png,1.2,1024x1024,aspecto medido en la referencia del fabricante,"Es un CORTE del equipo: se ve por dentro, con las piezas internas seccionadas.","bastidor, anillo de ajuste, taza (bowl), manto y concava de la camara de trituracion, eje principal, excentrica, pinon, contraeje y volante",,equipo,,saturacion,,,
chancadora,PM,perfil,PM/equipos/chancadora-sandvik-cj411,cj411_perfil_referencia.png,1.06,1024x1024,cotas oficiales del catalogo (L 2986 x TH 2815 mm),Es la vista de perfil: el equipo visto de costado.,"bastidor, volante lateral, mandibula fija y mandibula movil, boca de alimentacion arriba y descarga abajo",,equipo,,saturacion,,,
chancadora,PM,frontal,PM/equipos/chancadora-sandvik-cj411,cj411_frontal_referencia.png,0.74,1024x1024,cotas oficiales del catalogo (W2 2093 x TH 2815 mm),Es la vista frontal: el equipo visto de frente.,"bastidor, boca de alimentacion, placas laterales y base",,equipo,,saturacion,,,
mina,EOM,seccion,EOM/planos,mina-chupa_secuencia-minado.png,1.33,1536x1024,aspecto medido en el plano original,"Es un plano de seccion de una mina subterranea: se ven los niveles horizontales, los tajeos numerados segun el orden en que se extraen, y las zonas ya rellenadas. CONSERVA el nombre de cada nivel (NV-4560, NV-4590, NV-4620, NV-4650, NV-4675, NV-4700) escrito junto a su linea, y las letras y numeros de los tajeos.",,,equipo,,saturacion,,,
mina,EOM,seccion_limpia,EOM/planos,mina-chupa_secuencia-minado.png,1.33,1536x1024,aspecto medido en el plano original,,,si,equipo,,saturacion,,,
forma-veta,EOM,figura,EOM/planos,hartmann1843_fig7_veta_referencia.png,57.19,1536x1024,"angulo de la veta en Hartmann (1843), margen del 10 por ciento",Es un corte: una veta inclinada entre dos bloques de roca.,pinta la veta —la banda inclinada— en azul y la roca de los dos lados en gris arena,,panel,EOM/esquemas/s1/_paneles/forma_veta.png,angulo,,,
forma-manto,EOM,figura,EOM/planos,naumann1850_p915_manto_referencia.png,2.44,1536x1024,aspecto del recorte de Naumann (1850),Es un corte: una capa que sigue a los estratos plegados.,pinta en verde la capa oscura que sigue a los estratos y la roca en gris arena,,panel,EOM/esquemas/s1/_paneles/forma_manto.png,contorno,,,
forma-lentes,EOM,figura,EOM/planos,naumann1850_p915_lentes_referencia.png,1.27,1024x1024,aspecto del recorte de Naumann (1850),Es un corte: dos cuerpos con forma de lente que cortan los estratos.,pinta en morado los dos cuerpos con forma de lente y la roca en gris arena,,panel,EOM/esquemas/s1/_paneles/forma_lentes.png,contorno,,,
formas-cuerpo,EOM,lamina,EOM/planos,forma-veta;forma-manto;forma-lentes,,,,,,,composicion,EOM/esquemas/s1/s1_formas-del-cuerpo.png,,,"VETA|delgada y larga,
entre dos cajas;MANTO|una capa echada,
que sigue a los estratos;CUERPO|un volumen que corta
los estratos","Veta: Hartmann (1843), fig. 7, p. 36.   ·   Manto y cuerpo: Naumann (1850), p. 915."
