imagen_id,categoria,tema,fabricante,modelo,vista,tipo,archivo,aspecto_control,origen_control,metodo,estado,verificado_por,fecha_verificacion,descripcion,fuente,observacion,aprobado_por
IMG-JUMBO-PERFIL,equipo,Jumbo de perforación,Epiroc,Boomer S1,perfil,silueta,04_Recursos-graficos/EOM/siluetas/epiroc-boomer-s1_perfil.png,3.90,cotas oficiales del catálogo (11040 x 2828 mm),hibrido,pendiente,,,,"Epiroc. Boomer S1 — Technical specification. [Catálogo del fabricante], p. 4.",Pasó el bucle de verificación automática; falta la revisión visual del instructor.,
IMG-JUMBO-PLANTA,equipo,Jumbo de perforación,Epiroc,Boomer S1,planta,silueta,04_Recursos-graficos/EOM/siluetas/epiroc-boomer-s1_planta.png,1.31,medido sobre la silueta de perfil ya verificada,hibrido,pendiente,,,,"Epiroc. Boomer S1 — Technical specification. [Catálogo del fabricante], p. 4.",La planta no tiene cotas oficiales útiles (máquina articulada): el control sale del perfil validado.,
IMG-SCOOP-PERFIL,equipo,Scooptram (LHD),Epiroc,Scooptram ST14 SG,perfil,silueta,04_Recursos-graficos/EOM/siluetas/epiroc-st14_perfil.png,4.18,cotas oficiales del catálogo (10865 x 2601 mm),hibrido,verificada,,,"Scooptram en perfil dentro de la labor, con las piezas diferenciadas: chasis articulado, cabina transversal, brazo y cuchara. Carga y transporta en la misma máquina — por eso en labor mecanizada el carguío y el acarreo los hace un solo equipo.","Epiroc. Scooptram ST14 SG — Technical specification (9869 0237 01b, 2025-04). Örebro, Suecia. p. 4.","Versión geométrica (PyMuPDF), sin pasar por el modelo. Existe también en PNG. Configurada en gen_ia.py para regenerarse por el camino híbrido.",
IMG-SCOOP-PLANTA,equipo,Scooptram (LHD),Epiroc,Scooptram ST14 SG,planta,silueta,04_Recursos-graficos/EOM/siluetas/epiroc-st14_planta.png,1.57,medido sobre la silueta de perfil ya verificada,hibrido,pendiente,,,,"Epiroc. Scooptram ST14 SG — Technical specification (9869 0237 01b, 2025-04). Örebro, Suecia. p. 4.","Regenerada por el camino híbrido; aprobada al primer intento (desvío 3,2 %). La versión geométrica quedó superada.",
IMG-SCOOP-PERFIL-FIG,equipo,Scooptram (LHD),Epiroc,Scooptram ST14 SG,perfil,figura-fabricante,04_Recursos-graficos/EOM/equipos/scooptram-st14/scooptram_perfil_referencia.png,,,extraccion,pendiente,,,,"Epiroc. Scooptram ST14 SG — Technical specification (9869 0237 01b, 2025-04). Örebro, Suecia. p. 4.","Figura con marca y cotas, para explicar el equipo. Sirve además de referencia al modelo. Por promover a figuras-fabricante/ cuando se apruebe.",
IMG-SCOOP-PLANTA-FIG,equipo,Scooptram (LHD),Epiroc,Scooptram ST14 SG,planta,figura-fabricante,04_Recursos-graficos/EOM/equipos/scooptram-st14/scooptram_planta_referencia.png,,,extraccion,pendiente,,,,"Epiroc. Scooptram ST14 SG — Technical specification (9869 0237 01b, 2025-04). Örebro, Suecia. p. 4.",Diagrama de radio de giro: explica maniobra y espacio requerido en la labor.,
IMG-EXCAV-PERFIL,equipo,Excavadora hidráulica,Caterpillar,CAT 336,perfil,silueta,04_Recursos-graficos/EOM/siluetas/cat-336_perfil.png,,,geometria,pendiente,,,,Caterpillar. 336 Hydraulic Excavator — Specifications. [Catálogo del fabricante].,Ilustración sombreada: la silueta es el área gris umbralizada (§10). Falta el control de aspecto desde las cotas y no está dada de alta en gen_ia.py.,
IMG-CHANC-PERFIL,equipo,Chancadora de quijadas,Sandvik,CJ411,perfil,silueta,04_Recursos-graficos/PM/siluetas/sandvik-cj411_perfil.png,1.06,cotas oficiales del catálogo (L 2986 x TH 2815 mm),hibrido,pendiente,,,,"Sandvik. Jaw Crusher CJ Series CJ411 — Technical specification. Sandvik Mining and Construction, 2014.","Equipo fijo de planta concentradora. La hoja del fabricante solo da el contorno exterior con cotas: no muestra mandíbula fija/móvil ni cámara de trituración, así que la silueta no distingue esas partes.",
IMG-CONO-CORTE,equipo,Chancadora de cono,Metso,Nordberg HP Series,corte,figura-fabricante,04_Recursos-graficos/PM/siluetas/metso-hp_corte.png,1.20,aspecto medido en la referencia del fabricante,hibrido,pendiente,,,,"Metso Outotec. Nordberg HP Series cone crushers. Brochure 4236-10-22-EN-AGG, 2022, p. 12.","Corte que muestra las partes internas: taza, manto y cóncava, eje principal, excéntrica, piñón, contraeje y volante. Modelo elegido por su uso real en plantas concentradoras peruanas. Es vista en perspectiva, no ortogonal.",
IMG-PLANO-CHUPA,labor,Secuencia de avance del minado,,Mina Chupa,seccion,plano,04_Recursos-graficos/EOM/siluetas/mina-chupa_seccion-minado.png,1.33,aspecto medido en el plano original,copia-fiel,pendiente,,,,"Universidad Nacional Daniel Alcides Carrión, Facultad de Ingeniería de Minas. Implementación del método sublevel stoping [tesis]. Figura N° 12: Secuencia de avance del minado, caso Mina Chupa, p. 17.","Copia fiel mejorada en calidad (desvío 0,8 %): conserva grilla, cotas, rótulos y recuadro. OJO — el modelo REESCRIBE el texto: dice TAJCO por TAJEO, DESPLUME por DERRUMBE, 0.8xPO por 0.8MPO y NV-4670 por NV-4675. Si el dato escrito importa, usar el escaneo original de la tesis.",
IMG-CICLO-S1,,,,,,esquema,04_Recursos-graficos/EOM/esquemas/ciclo-de-minado_s1.png,,,,aprobada,,,Ciclo de minado con perforación y voladura resaltadas. Las cinco operaciones son las que transforman o desplazan el material; el desatado y la ventilación van abajo porque acompañan a todas.,"Ccaso Yucasi, E. I. «Eficiencia operativa en los procesos de perforación, voladura, carguío, acarreo y sostenimiento en la Unidad Minera Raura – Huánuco». UNAP, §2.6 Operaciones unitarias del minado. https://repositorio.unap.edu.pe/handle/20.500.14082/8268",,Walther Alcocer · 2026-08-14
IMG-CICLO-COMPLETO,,,,,,esquema,04_Recursos-graficos/EOM/esquemas/ciclo-de-minado_completo.png,,,,aprobada,,,"El ciclo completo, con las cinco operaciones activas. Cierra lo que la sesión abrió.","Ccaso Yucasi, E. I. «Eficiencia operativa en los procesos de perforación, voladura, carguío, acarreo y sostenimiento en la Unidad Minera Raura – Huánuco». UNAP, §2.6 Operaciones unitarias del minado. https://repositorio.unap.edu.pe/handle/20.500.14082/8268",,Walther Alcocer · 2026-08-14
IMG-SECUENCIA-ENCENDIDO,,,,,,esquema,04_Recursos-graficos/EOM/esquemas/secuencia-de-encendido.png,,,,aprobada,,,"Las tres fases del disparo. Cuadradores, alzas y arrastres salen JUNTOS: son la periferia, no tres tiempos distintos.","Manual práctico de voladura (EXSA), cap. 6 «En los túneles»: la secuencia comprende tres fases — arranque (crea la cavidad cilíndrica) · ayudas del núcleo (rompen por colapso hacia el eje, ampliando hacia flancos y fondo) · perímetro (alzas, cuadradores y arrastres del piso, que perfilan la labor). Clasificación de taladros confirmada en revistaseguridadminera.com: núcleo = arranque/cuele y ayudas; periféricos = cuadradores (flancos), alzas (techo/corona) y arrastres (piso).",,Walther Alcocer · 2026-08-14
IMG-FRENTE-PERFORACION,,,,,,fotografia,04_Recursos-graficos/EOM/fotos/frente-perforacion.png,,,,aprobada,,,"Frente de labor con el jumbo perforando: se ven los taladros abiertos, las marcas azules del trazo y la malla de sostenimiento.","Ccaso Yucasi, E. I. «Eficiencia operativa en los procesos de perforación, voladura, carguío, acarreo y sostenimiento en la Unidad Minera Raura – Huánuco». UNAP, Figura 2.12. https://repositorio.unap.edu.pe/handle/20.500.14082/8268 — Fotografía real, limpiada con gen_foto.py (se retiró el círculo de anotación del autor; no se añadió ni modificó ningún elemento de la labor).",,Walther Alcocer · 2026-08-14
IMG-JUMBO,,,,,,equipo,04_Recursos-graficos/EOM/equipos/jumbo-boomer-s1/jumbo_render_catalogo.png,,,,aprobada,,,"Jumbo electrohidráulico de dos brazos, render de catálogo. Es el equipo de la labor mecanizada.","Ccaso Yucasi, E. I. «Eficiencia operativa… Unidad Minera Raura – Huánuco». UNAP. https://repositorio.unap.edu.pe/handle/20.500.14082/8268 Figura 2.12 — render de catálogo del fabricante.",,Walther Alcocer · 2026-08-14
IMG-SECCION-LABOR,,,,,,esquema,04_Recursos-graficos/EOM/esquemas/seccion-labor-servicios.png,,,,verificada,,,"Sección tipo de labor con el equipo dentro, cotas y servicios. Es de transporte: corresponde a la sesión 2.","Ccaso Yucasi, E. I. «Eficiencia operativa… Unidad Minera Raura – Huánuco». UNAP. https://repositorio.unap.edu.pe/handle/20.500.14082/8268 — esquema del autor con cotas de la labor.",,
IMG-MALLA-FRENTE,,,,,,esquema,04_Recursos-graficos/EOM/esquemas/malla-del-frente.png,,,,aprobada,,,"El trazo del frente: arranque al centro, ayudas alrededor y contorno en el perímetro. Verificado contra una malla real con cotas (IMG-MALLA-REAL).","Clasificación de taladros: núcleo = arranque (cuele) y ayudas; periféricos = cuadradores (flancos), alzas (techo) y arrastres (piso). Manual práctico de voladura (EXSA) cap. 6 y revistaseguridadminera.com. Dibujado con gen_esquemas.py — la disposición es ilustrativa, no una malla de diseño.",,Walther Alcocer · 2026-08-14
IMG-CARGA-TALADRO,,,,,,esquema,04_Recursos-graficos/EOM/esquemas/carga-del-taladro.png,,,,aprobada,,,"Cómo se carga un taladro, desde el fondo: cebo, columna explosiva y taco. El taco es de arcilla porque los detritos se deslizarían sobre la carga.",Manual práctico de voladura (EXSA): la carga de fondo es la de mayor densidad y potencia «para romper la parte más confinada»; la columna ocupa de ½ a ⅔ del taladro; el taco es «un tapón de material inerte para sellar la carga explosiva» — se usa arcilla porque los detritos se deslizarían sobre la carga.,,Walther Alcocer · 2026-08-14
IMG-JACKLEG,,,,,,equipo,04_Recursos-graficos/EOM/equipos/jackleg/jackleg-con-pierna.png,,,,aprobada,,,"Jackleg con pierna de avance, manguera de aire, lubricador y línea de agua. Es el equipo de la veta angosta.","CDC / NIOSH, «Dust Control Handbook for Industrial Minerals Mining and Processing» (2012), Fig. 3.17 — dominio público, vía Wikimedia Commons. Recortado y limpiado de etiquetas con el modelo (sin tocar el dibujo); los rótulos en español se añadieron con matplotlib, NO con el modelo, que reescribe glifos.",,Walther Alcocer · 2026-08-14
IMG-MALLA-REAL,,,,,,esquema,04_Recursos-graficos/EOM/esquemas/malla-real-con-cotas.png,,,,verificada,,,Malla de perforación real con cotas y numeración de retardos. Sirvió para verificar nuestro esquema.,"Tesis UNSAAC, Escuela Profesional de Ingeniería de Minas, 253T20242039. https://repositorio.unsaac.edu.pe/handle/20.500.12918/10444 — malla de perforación real de una labor de 3,50 x 3,40 m con la numeración de retardos.",,
IMG-FICHA-GALERIA,,,,,,esquema,04_Recursos-graficos/EOM/esquemas/ficha-galeria-285.png,,,,aprobada,,,"Ficha del frente angosto: sección 2,10 × 1,50 m y taladros de 5 pies. No dice el equipo — se deduce de la sección.",Elaboración propia · datos del caso CASO-EOM-METEXP-S1. No es un frente real: es el escenario del caso. NINGUNA ficha dice qué equipo se usó — se deduce de la sección de la labor.,,Walther Alcocer · 2026-08-14
IMG-FICHA-RAMPA,,,,,,esquema,04_Recursos-graficos/EOM/esquemas/ficha-rampa-340.png,,,,aprobada,,,"Ficha del frente mecanizado: sección 4,00 × 3,50 m y taladros de 12 pies. No dice el equipo — se deduce de la sección.",Elaboración propia · datos del caso CASO-EOM-METEXP-S1. No es un frente real: es el escenario del caso. NINGUNA ficha dice qué equipo se usó — se deduce de la sección de la labor.,,Walther Alcocer · 2026-08-14
IMG-ELEMENTOS-SOST,,,,,,esquema,04_Recursos-graficos/EOM/esquemas/elementos-sostenimiento.png,,,,verificada,,,"Qué se instala según la calidad del macizo: perno (RMR>60) · perno y malla (40-60) · shotcrete (30-40) · cuadros (<30). Lo decide el RMR, no la costumbre.",Elaboración propia · gen_esquemas_s2.py. Rangos de RMR según la práctica corriente de sostenimiento; PENDIENTE de contrastar con la guía geotécnica del curso.,,
IMG-DESATADO,,,,,,esquema,04_Recursos-graficos/EOM/esquemas/orden-despues-del-disparo.png,,,,verificada,,,El orden después del disparo: ventilar · desatar · limpiar · sostener. Entrar a limpiar sin desatar es la primera causa de accidentes por caída de rocas.,Elaboración propia · gen_esquemas_s2.py.,,
IMG-FICHA-S2-RAMPA,,,,,,esquema,04_Recursos-graficos/EOM/esquemas/ficha-s2-rampa-340.png,,,,verificada,,,"Estado del frente mecanizado tras el disparo: 45 m³ de material, RMR 62, 80 m al echadero. No dice el equipo ni el orden: se deducen.",Elaboración propia · datos del caso de la sesión 2.,,
IMG-FICHA-S2-GALERIA,,,,,,esquema,04_Recursos-graficos/EOM/esquemas/ficha-s2-galeria-285.png,,,,verificada,,,"Estado del frente angosto tras el disparo: 6 m³ de material, RMR 34, 35 m al echadero, rieles en el piso. No dice el equipo ni el orden: se deducen.",Elaboración propia · datos del caso de la sesión 2.,,
IMG-SOSTENIMIENTO,,,,,,fotografia,04_Recursos-graficos/EOM/fotos/sostenimiento-perno-malla.png,,,,verificada,,,"Labor sostenida: se ven los pernos con sus platinas amarillas y la malla instalada sobre la roca, con el brazo del equipo trabajando en el frente.","Ccaso Yucasi, E. I. «Eficiencia operativa… Unidad Minera Raura – Huánuco». UNAP. https://repositorio.unap.edu.pe/handle/20.500.14082/8268 — fotografía real de la operación.",,
IMG-FRENTE-DISPARADO,,,,,,fotografia,04_Recursos-graficos/EOM/fotos/frente-cuadrilla-trazo.png,,,,verificada,,,"La cuadrilla en el frente: tres trabajadores, el trazo marcado en azul, la malla y los pernos ya instalados en las cajas. Sirve para la Conexión: hay mucho que mirar y nada que dé la respuesta.","Ccaso Yucasi, E. I. «Eficiencia operativa… Unidad Minera Raura – Huánuco». UNAP. https://repositorio.unap.edu.pe/handle/20.500.14082/8268 — fotografía real de la operación.",,
IMG-SCOOP-CARGANDO,,,,,,fotografia,04_Recursos-graficos/EOM/fotos/scooptram-cargando.png,,,,verificada,,,"Scooptram con la cuchara metida en el material roto, cargando en el frente. Al fondo, la manga de ventilación. Muestra la OPERACIÓN de carguío, no el equipo.","Ccaso Yucasi, E. I. «Eficiencia operativa… Unidad Minera Raura – Huánuco». UNAP. https://repositorio.unap.edu.pe/handle/20.500.14082/8268 — fotografía de la operación.",,
IMG-RECORRIDO-MATERIAL,,,,,,esquema,04_Recursos-graficos/EOM/esquemas/recorrido-del-material.png,,,,verificada,,,"El recorrido del material roto: del frente al scooptram, y del scooptram al camión de bajo perfil. Muestra hasta dónde llega cada equipo.","Ccaso Yucasi, E. I. «Eficiencia operativa… Unidad Minera Raura – Huánuco». UNAP. https://repositorio.unap.edu.pe/handle/20.500.14082/8268 — esquema del autor.",,
IMG-CARGUIO-SECCION,,,,,,esquema,04_Recursos-graficos/EOM/esquemas/carguio-segun-seccion.png,,,,verificada,,,"Con qué se limpia según la sección: scooptram (≥3,00 m) · winche de arrastre (1,50-3,00 m) · carretilla (<1,50 m). La sección decide el equipo.",Elaboración propia · gen_esquemas_s2.py. Los rangos de sección son de la práctica corriente; PENDIENTE de contrastar con el instructor.,,
IMG-TRES-GRUPOS,,,,,,esquema,04_Recursos-graficos/EOM/esquemas/tres-formas-sostener-vacio.png,,,,verificada,,,"Los tres grupos de métodos según cómo sostienen el vacío: soportados (pilares), artificialmente soportados (relleno) y por hundimiento (el techo cae a propósito).",Elaboración propia · gen_esquemas_s3.py.,,
IMG-TIPOS-RELLENO,,,,,,esquema,04_Recursos-graficos/EOM/esquemas/tipos-de-relleno.png,,,,verificada,,,"Los cuatro rellenos comparados: detrítico, hidráulico, cementado y en pasta — de qué están hechos y para qué sirve cada uno.",Elaboración propia · gen_esquemas_s3.py. Tipos según el caso oficial del plan de sesión.,,
IMG-COND-CORTE-RELLENO,,,,,,esquema,04_Recursos-graficos/EOM/esquemas/condiciones-corte-y-relleno.png,,,,verificada,,,"Las condiciones que piden corte y relleno, contrastadas con cámaras y pilares: potencia, buzamiento, roca, ley, costo y recuperación. Resalta la columna del corte y relleno.",Elaboración propia · gen_esquemas_s3.py.,,
IMG-COND-CAMARAS,,,,,,esquema,04_Recursos-graficos/EOM/esquemas/condiciones-camaras-y-pilares.png,,,,verificada,,,"La misma tabla, resaltando cámaras y pilares. El estudiante ve siempre el contraste entre los dos métodos, no uno aislado.",Elaboración propia · gen_esquemas_s3.py.,,
IMG-CORTE-RELLENO,,,,,,esquema,04_Recursos-graficos/EOM/esquemas/corte-y-relleno-isometrico.png,,,,verificada,,,"El corte y relleno en isométrico: los cortes que suben, el relleno hidráulico de arena que da piso al siguiente, las rampas de acceso y la ventilación. Con foto real de la labor al costado.","Tesis UNSAAC, Escuela Profesional de Ingeniería de Minas, 253T20242039. https://repositorio.unsaac.edu.pe/handle/20.500.12918/10444 — figura de Atlas Copco Rock Drills AB.",,
IMG-CAMARAS-PILARES,,,,,,esquema,04_Recursos-graficos/EOM/esquemas/camaras-y-pilares.png,,,,verificada,,,"Cámaras y pilares en planta y en sección: el damero de pilares, la cámara entre ellos, y el pilar sosteniendo el techo — mineral que no se extrae.","Elaboración propia · gen_esquemas_s3.py. Geometría característica del método, no la malla de una mina concreta.",,
IMG-FICHA-S3-NORTE,,,,,,esquema,04_Recursos-graficos/EOM/esquemas/ficha-s3-zona-norte.png,,,,verificada,,,"Zona norte: veta de 1,10 m, buzamiento 78°, cajas RMR 38-41, ley alta, dilución muy baja.",Elaboración propia · datos del caso de la sesión 3. Ninguna ficha nombra el método: se deduce.,,
IMG-FICHA-S3-SUR,,,,,,esquema,04_Recursos-graficos/EOM/esquemas/ficha-s3-zona-sur.png,,,,verificada,,,"Zona sur: manto de 6,00 m, buzamiento 8°, techo RMR 65, ley baja, 900 t/día.",Elaboración propia · datos del caso de la sesión 3. Ninguna ficha nombra el método: se deduce.,,
