cotejo_id,caso_id,sesion_id,curso_id,n,item,contenido_id,observable
COT-EOM-METEXP-S1,CASO-EOM-METEXP-S1,EOM-METEXP-S1,EOM-METEXP,1,COMPLETO,,"las tres labores con su potencia y su ancho de minado · la calidad de roca y lo que el terreno admite sin sostener · ese número comparado con los tres anchos · donde el ancho lo supera, qué se lo permite"
COT-EOM-METEXP-S2,CASO-EOM-METEXP-S2,EOM-METEXP-S2,EOM-METEXP,1,COMPLETO,,"las nueve anotaciones numeradas en su orden · al costado de cada una, qué entra y qué sale del material · en blanco las que no lo mueven · esas mismas, aparte, con el momento de la guardia en que se hacen"
COT-EOM-METEXP-S3,CASO-EOM-METEXP-S3,EOM-METEXP-S3,EOM-METEXP,1,COMPLETO,,"cada fila de la lista de almacén marcada en la columna que le toca, rampa o galería angosta · al costado de cada marca, la palabra que dice por qué ese y no el otro"
COT-EOM-METEXP-S4,CASO-EOM-METEXP-S4,EOM-METEXP-S4,EOM-METEXP,1,COMPLETO,,"los diez indicios marcados, y los que valen para las dos con las dos casillas · una línea por zona con el método · dos datos del plano que lo sostienen en cada línea"
COT-EOM-METEXP-S5,CASO-EOM-METEXP-S5,EOM-METEXP-S5,EOM-METEXP,1,COMPLETO,,las tres filas llenas · la operación que continúa en cada una · lo que se detiene si se altera el orden · la casilla «falta el dato» marcada donde el parte no alcanza · firma de la pareja
COT-EOM-METEXP-S7,CASO-EOM-METEXP-S7,EOM-METEXP-S7,EOM-METEXP,1,COMPLETO,,"los tres renglones escritos · en cada uno la abertura, la potencia, el ancho que se rompe y el sostenimiento previo · firma y fecha de la instrucción"
COT-EOM-METEXP-S8,CASO-EOM-METEXP-S8,EOM-METEXP-S8,EOM-METEXP,1,COMPLETO,,"las cinco líneas con su valor y el equipo que lo impone · las que cambian, marcadas · la línea de dato solicitado al pie · firma"
COT-EOM-METEXP-S9,CASO-EOM-METEXP-S9,EOM-METEXP-S9,EOM-METEXP,1,COMPLETO,,cada asignación con visto bueno u observación · cada observación con su exigencia y el dato que la prueba · la línea con la labor que queda sin trabajar · firma y fecha
COT-EOM-METEXP-S10,CASO-EOM-METEXP-S10,EOM-METEXP-S10,EOM-METEXP,1,COMPLETO,,"las cuatro filas que se llenan, con equipo y labor · la fila vacía con su porqué al margen · las dos actividades de servicio, fuera del cuadro · firma"
COT-EOM-METEXP-S11,CASO-EOM-METEXP-S11,EOM-METEXP-S11,EOM-METEXP,1,COMPLETO,,"las tres desviaciones, cada una con su dato y lo que se pide corregir · la cuenta de los pases al pie · la desviación que no resta tonelaje, reportada igual · firma, fecha y guardia"
COT-EOM-SOST-S1,CASO-EOM-SOST-S1,EOM-SOST-S1,EOM-SOST,1,COMPLETO,,"las tres labores con el elemento que le corresponde a cada una · el largo de perno de cada una, según su sección · la letra R o S al costado, según sea refuerzo o soporte · las dos líneas finales: por qué el tajeo lleva otro largo, y por qué el cable del vale anterior no hace falta"
COT-EOM-SOST-S2,CASO-EOM-SOST-S2,EOM-SOST-S2,EOM-SOST,1,COMPLETO,,el elemento instalado de cada tramo · su especificación y su espaciamiento · si corresponden a esa condición de labor · qué falta · cuál de los cuatro no se recibe y qué tiene que pasar para recibirlo
COT-EOM-SOST-S3,CASO-EOM-SOST-S3,EOM-SOST-S3,EOM-SOST,1,COMPLETO,,la casilla GSI de las cuatro celdas · cuántas zonas hay en los ciento veinte metros · el metraje donde empieza y termina cada una · qué produce cada límite
COT-EOM-SOST-S4,CASO-EOM-SOST-S4,EOM-SOST-S4,EOM-SOST,1,COMPLETO,,"la casilla, la calidad y la banda de RMR del mapeo del martes · la calidad que se deduce del informe de enero · con cuál de las dos se pide el material y por qué · qué se hace mientras se regulariza la firma"
COT-EOM-SOST-S5,CASO-EOM-SOST-S5,EOM-SOST-S5,EOM-SOST,1,COMPLETO,,"por labor, su tipo, su ancho de minado y su temporalidad · el sostenimiento que le corresponde con su espaciamiento · cuál de las cuatro no sale de la tabla y qué le falta para resolverse"
COT-EOM-SOST-S7,CASO-EOM-SOST-S7,EOM-SOST-S7,EOM-SOST,1,COMPLETO,,la casilla GSI · la calidad con su banda de RMR · el tipo y la sección de labor · el sostenimiento que corresponde · el espaciamiento · la longitud de perno · por qué no se usa el espaciamiento de la guardia anterior
COT-EOM-SOST-S8,CASO-EOM-SOST-S8,EOM-SOST-S8,EOM-SOST,1,COMPLETO,,altura de la cuña · peso muerto por metro de labor · el perno propuesto · dónde cae cada perno de la fila y cuánto ancla pasada la cuña · lo que aporta cada uno · capacidad de la fila · factor de seguridad y si pasa · qué cambiarían primero si no pasara
COT-EOM-SOST-S9,CASO-EOM-SOST-S9,EOM-SOST-S9,EOM-SOST,1,COMPLETO,,"el perímetro que lleva sostenimiento y si el piso entra · los pernos de una fila · el número de filas · el total de pernos con su longitud · los metros cuadrados de malla, con el área del contorno y el traslape en líneas separadas · los accesorios con su cuenta por perno · dónde estaba el error del pedido viejo"
COT-EOM-SOST-S10,CASO-EOM-SOST-S10,EOM-SOST-S10,EOM-SOST,1,COMPLETO,,"por verificación, qué se verifica · con qué prueba o instrumento · si responde el técnico en obra o el proveedor · si queda conforme, no conforme o sin verificar · si se firma el acta y qué falta para firmarla"
COT-EOM-SOST-S11,CASO-EOM-SOST-S11,EOM-SOST-S11,EOM-SOST,1,COMPLETO,,"la casilla y la calidad de hoy, escritas junto a las del mapeo original · el sostenimiento que ahora manda · qué se pide de más, qué ya no sirve y qué se hace con lo instalado · cómo entra la gente a hacerlo"
COT-EOM-FMEQ-S1,CASO-EOM-FMEQ-S1,EOM-FMEQ-S1,EOM-FMEQ,1,COMPLETO,,"la cadena completa y en orden, del motor a la rueda · al costado de cada eslabón, qué le hace a la fuerza · el eslabón donde la fuerza deja de llegar, con la razón por la que el motor no es · el eslabón que se revisa primero, con su línea de porqué"
COT-EOM-FMEQ-S2,CASO-EOM-FMEQ-S2,EOM-FMEQ-S2,EOM-FMEQ,1,COMPLETO,,"el recorrido del aceite del tanque al cilindro, con sus componentes · qué retiene la carga con el motor apagado y qué lo prueba · por qué la canastilla bajó sin que nadie la tocara · la secuencia en orden para acercarse, y qué pasa si se altera"
COT-EOM-FMEQ-S3,CASO-EOM-FMEQ-S3,EOM-FMEQ-S3,EOM-FMEQ,1,COMPLETO,,"los componentes críticos de cada equipo, separados por equipo · al costado de cada uno, qué hace · las líneas que no corresponden al equipo, con su razón · el componente crítico que no tiene línea, y qué pasa si nadie lo revisa"
COT-EOM-FMEQ-S4,CASO-EOM-FMEQ-S4,EOM-FMEQ-S4,EOM-FMEQ,1,COMPLETO,,"los componentes del jumbo y lo que le añaden el simba y el empernador · al costado de cada pieza añadida, qué hace · cuál de los tres no es equipo de perforación y qué líneas nuevas exige su pre-uso · qué se le dice al perforista antes de subir a la canastilla, con su razón"
COT-EOM-FMEQ-S5,CASO-EOM-FMEQ-S5,EOM-FMEQ-S5,EOM-FMEQ,1,COMPLETO,,"las señales con el lugar donde se lee cada una · el sistema al que pertenece cada señal · cuáles impiden entrar y cuáles se reportan, con su razón · el reporte escrito con lo observado, el sistema y la medida"
COT-EOM-FMEQ-S7,CASO-EOM-FMEQ-S7,EOM-FMEQ-S7,EOM-FMEQ,1,COMPLETO,,"los puntos de lubricación del equipo, separados en automáticos y manuales · al costado de cada uno, qué protege · qué prueba que el automático no está dosificando · las líneas que el pre-uso debería tener"
COT-EOM-FMEQ-S8,CASO-EOM-FMEQ-S8,EOM-FMEQ-S8,EOM-FMEQ,1,COMPLETO,,"los componentes críticos de cada equipo, en dos columnas · al costado de cada uno, qué hace · por qué la línea de suspensión está mal marcada aunque se haya mirado · qué se hace con el camión cargado y qué con la pala"
COT-EOM-FMEQ-S9,CASO-EOM-FMEQ-S9,EOM-FMEQ-S9,EOM-FMEQ,1,COMPLETO,,"los componentes críticos de la perforadora, con qué hace cada uno · el papel del aire de barrido · por qué avanzar más rápido con menos detrito no es mejor rendimiento · qué se reporta y qué se hace con el equipo"
COT-EOM-FMEQ-S10,CASO-EOM-FMEQ-S10,EOM-FMEQ-S10,EOM-FMEQ,1,COMPLETO,,"los componentes del sistema de frenos, con qué hace cada uno · cómo se comprueba cada uno en el pre-uso · cuáles se ven, cuáles se prueban y cuáles se miden · el margen que le queda al equipo y la decisión que sale de ahí"
COT-EOM-FMEQ-S11,CASO-EOM-FMEQ-S11,EOM-FMEQ-S11,EOM-FMEQ,1,COMPLETO,,"la diferencia entre preventivo y programado · el documento donde se comprueba cada uno · qué dice cada documento sobre ese camión · si el equipo está al día o no, con lo que se reporta"
