sesion_id,curso_id,bloque_id,nro_sesion,tema,tipo_sesion,indicador_id,aprendizaje_esperado
EOM-METEXP-S1,EOM-METEXP,EOM-METEXP-B1,1,El ciclo de minado: perforación y voladura,adquisicion,IND-EOM-METEXP-1,"Describe las operaciones de perforación y voladura del ciclo de minado, con sus equipos y materiales."
EOM-METEXP-S2,EOM-METEXP,EOM-METEXP-B1,2,"El ciclo de minado: carguío, acarreo, sostenimiento y servicios auxiliares",adquisicion,IND-EOM-METEXP-1,"Describe las operaciones de carguío, acarreo y sostenimiento del ciclo de minado y los servicios auxiliares que lo hacen posible, con sus equipos y materiales."
EOM-METEXP-S3,EOM-METEXP,EOM-METEXP-B1,3,Clasificación de los métodos · corte y relleno · cámaras y pilares,adquisicion,IND-EOM-METEXP-2,"Describe cómo se clasifican los métodos de explotación y las labores, secuencia y condiciones de aplicación del corte y relleno y de cámaras y pilares."
EOM-METEXP-S4,EOM-METEXP,EOM-METEXP-B1,4,Sublevel stoping y block caving,adquisicion,IND-EOM-METEXP-2,"Describe las labores, secuencia y condiciones de aplicación del sublevel stoping y del block caving."
EOM-METEXP-S5,EOM-METEXP,EOM-METEXP-B1,5,Sublevel caving y explotación superficial,adquisicion,IND-EOM-METEXP-2,"Describe las labores, secuencia y condiciones de aplicación del sublevel caving y de la explotación superficial."
EOM-METEXP-S6,EOM-METEXP,EOM-METEXP-B1,6,Evaluación TC1 — Descripción y comparación de métodos,evaluacion,IND-EOM-METEXP-2,Sustenta el reporte que describe las operaciones del ciclo de minado y compara los métodos de explotación.
EOM-METEXP-S7,EOM-METEXP,EOM-METEXP-B2,7,Condiciones geológicas del yacimiento,adquisicion,IND-EOM-METEXP-3,"Explica cómo la forma, la potencia y el buzamiento del yacimiento condicionan qué método de explotación corresponde."
EOM-METEXP-S8,EOM-METEXP,EOM-METEXP-B2,8,Condiciones geomecánicas del macizo rocoso,adquisicion,IND-EOM-METEXP-3,Explica cómo la calidad del macizo rocoso (RMR) condiciona qué método corresponde y qué sostenimiento exige.
EOM-METEXP-S9,EOM-METEXP,EOM-METEXP-B2,9,Correspondencia método–yacimiento: vetas,adquisicion,IND-EOM-METEXP-3,Explica qué método de explotación corresponde a un yacimiento tipo veta según sus condiciones geológicas y geomecánicas.
EOM-METEXP-S10,EOM-METEXP,EOM-METEXP-B2,10,Correspondencia método–yacimiento: cuerpos masivos,adquisicion,IND-EOM-METEXP-3,Explica qué método de explotación corresponde a un cuerpo masivo según sus condiciones geológicas y geomecánicas.
EOM-METEXP-S11,EOM-METEXP,EOM-METEXP-B2,11,Verificación método–zona en yacimientos con varias zonas,adquisicion,IND-EOM-METEXP-3,Verifica si el método aplicado en una zona corresponde a sus condiciones y reporta la desviación encontrada.
EOM-METEXP-S12,EOM-METEXP,EOM-METEXP-B2,12,Evaluación TC2 — Verificación método–zona,evaluacion,IND-EOM-METEXP-3,Sustenta la verificación de las tres zonas del yacimiento y las desviaciones halladas.
